timestamp,universe_id,model_version,w1_energy,w2_drought,w3_rebellion,w4_policy,w5_social,despair_rate,rebellion_sentence_weight,natural_death_rate_quarterly,threshold,intervention_type,intervention_quarter,intervention_threshold,intervention_coverage,intervention_applied,n_promoted,mean_despair_pre,mean_despair_post,drought_enabled,n_voyages_sampled,n_agents,total_gdp,peak_mutiny,collapse_quarter,final_mortality
1785882962672,0,v1,0.01,0.2,0.1,2.4788,0.1,0.003,0.1194,0.00214,0.72,0,36,90.61,0.323,1,0,0.0,0.0,1,30,5922,161120.5,0.0,-1,100.0
1785882963555,1,v1,0.01,0.2,0.1,1.5993,0.1,0.003,0.2321,0.003199,0.72,0,22,31.83,0.529,1,0,0.0,0.0,1,30,5409,141196.5,0.0,-1,100.0
1785882965228,2,v1,0.01,0.2,0.1,1.9013,0.1,0.003,0.0849,0.003397,0.72,0,4,31.9,0.615,1,2197,3.0,2.625,1,30,5934,155727.9,100.0,26,100.0
1785882966620,3,v1,0.01,0.2,0.1,1.8667,0.1,0.003,0.0851,0.001724,0.72,0,23,73.81,0.571,1,0,0.0,0.0,1,30,6384,184156.6,0.0,-1,100.0
1785882968462,4,v1,0.01,0.2,0.1,2.4487,0.1,0.003,0.2443,0.00256,0.72,0,10,61.32,0.817,1,3602,9.0,5.552,1,30,7479,199891.9,0.0,-1,100.0
1785882969556,5,v1,0.01,0.2,0.1,1.9375,0.1,0.003,0.2243,0.002412,0.72,0,22,36.56,0.985,1,0,0.0,0.0,1,30,5576,151225.9,0.0,-1,100.0
1785882970913,6,v1,0.01,0.2,0.1,2.3775,0.1,0.003,0.1387,0.003465,0.72,0,31,93.11,0.472,1,0,0.0,0.0,1,30,6059,168932.1,0.0,-1,100.0
1785882963095,7,v1,0.01,0.2,0.1,1.3354,0.1,0.003,0.1696,0.003362,0.72,0,16,81.98,0.393,1,1235,15.0,12.278,1,30,6219,177817.2,100.0,26,99.9
1785882964616,8,v1,0.01,0.2,0.1,1.1097,0.1,0.003,0.2037,0.001704,0.72,0,22,59.42,0.806,1,0,4.486,4.486,1,30,6453,174506.3,100.0,19,98.36
1785882966049,9,v1,0.01,0.2,0.1,1.5968,0.1,0.003,0.1897,0.001654,0.72,0,33,82.15,0.491,1,0,0.0,0.0,1,30,6317,162423.9,100.0,25,100.0
1785882967496,10,v1,0.01,0.2,0.1,2.4832,0.1,0.003,0.1254,0.00215,0.72,0,9,73.58,0.555,1,2202,8.0,5.808,1,30,6132,168644.7,0.0,-1,100.0
1785882968717,11,v1,0.01,0.2,0.1,1.2093,0.1,0.003,0.2103,0.002121,0.72,0,18,22.09,0.708,1,3026,17.0,9.024,1,30,5901,166599.0,0.0,-1,100.0
1785882970322,12,v1,0.01,0.2,0.1,0.9098,0.1,0.003,0.1484,0.002256,0.72,0,5,33.82,0.963,1,4502,4.0,2.545,1,30,6232,174431.9,100.0,26,99.2
1785882971922,13,v1,0.01,0.2,0.1,1.2565,0.1,0.003,0.2223,0.003227,0.72,0,14,29.32,0.384,1,1838,13.0,9.657,1,30,6309,170672.4,100.0,26,99.19
1785882963544,14,v1,0.01,0.2,0.1,0.995,0.1,0.003,0.1496,0.001774,0.72,0,22,56.04,0.683,1,0,0.0,0.0,1,30,5932,166237.2,0.0,-1,100.0
1785882964910,15,v1,0.01,0.2,0.1,1.9694,0.1,0.003,0.1052,0.002009,0.72,0,12,49.69,0.562,1,1946,11.0,8.103,1,30,6182,170672.0,0.0,-1,100.0
1785882966014,16,v1,0.01,0.2,0.1,1.4535,0.1,0.003,0.0847,0.003022,0.72,0,17,22.91,0.586,1,2179,16.0,10.57,1,30,5915,167310.7,0.0,-1,100.0
1785882967463,17,v1,0.01,0.2,0.1,0.9818,0.1,0.003,0.1722,0.003131,0.72,0,35,44.19,0.999,1,0,19.383,19.383,1,30,5763,152851.5,100.0,19,97.57
1785882968818,18,v1,0.01,0.2,0.1,0.9616,0.1,0.003,0.1982,0.00299,0.72,0,16,87.69,0.444,1,0,15.0,15.0,1,30,6237,170903.9,100.0,25,98.49
1785882970472,19,v1,0.01,0.2,0.1,1.6044,0.1,0.003,0.0933,0.001643,0.72,0,12,51.58,0.677,1,3213,11.0,6.636,1,30,6742,185653.8,100.0,26,100.0
1785882972015,20,v1,0.01,0.2,0.1,1.6286,0.1,0.003,0.1426,0.002246,0.72,0,32,85.96,0.608,1,0,19.0,19.0,1,30,5972,165972.0,100.0,25,100.0
1785882963856,21,v1,0.01,0.2,0.1,1.8242,0.1,0.003,0.1857,0.00297,0.72,0,14,94.41,0.876,1,0,13.0,13.0,1,30,5548,154685.1,100.0,25,100.0
1785882965575,22,v1,0.01,0.2,0.1,1.6168,0.1,0.003,0.139,0.001721,0.72,0,28,37.04,0.8,1,0,0.0,0.0,1,30,6421,176308.4,0.0,-1,100.0
1785882966856,23,v1,0.01,0.2,0.1,1.9335,0.1,0.003,0.1552,0.003198,0.72,0,4,57.97,0.383,1,1567,3.0,2.752,1,30,6369,175364.1,0.0,-1,100.0
1785882968163,24,v1,0.01,0.2,0.1,1.6636,0.1,0.003,0.2017,0.002171,0.72,0,6,27.67,0.527,1,2504,5.0,3.792,1,30,6281,177059.7,100.0,25,100.0
1785882969281,25,v1,0.01,0.2,0.1,2.0384,0.1,0.003,0.1778,0.001922,0.72,0,15,20.33,0.625,1,2235,14.0,9.283,1,30,5839,158501.8,0.0,-1,100.0
1785882970831,26,v1,0.01,0.2,0.1,1.5698,0.1,0.003,0.2248,0.002505,0.72,0,26,41.02,0.47,1,0,1.692,1.692,1,30,6427,187691.8,100.0,26,100.0
1785882972681,27,v1,0.01,0.2,0.1,1.5044,0.1,0.003,0.0961,0.002363,0.72,0,27,92.84,0.754,1,0,0.0,0.0,1,30,6206,174733.7,0.0,-1,100.0
1785882965112,28,v1,0.01,0.2,0.1,1.3406,0.1,0.003,0.1743,0.001894,0.72,0,22,51.21,0.896,1,0,3.167,3.167,1,30,6366,167827.3,100.0,25,99.5
1785882966276,29,v1,0.01,0.2,0.1,0.8113,0.1,0.003,0.1642,0.002963,0.72,0,34,74.58,0.346,1,0,19.622,19.622,1,30,6211,177870.3,100.0,25,95.94
1785882967679,30,v1,0.01,0.2,0.1,1.562,0.1,0.003,0.1196,0.002467,0.72,0,33,51.62,0.686,1,0,0.0,0.0,1,30,5462,152958.9,0.0,-1,100.0
1785882969306,31,v1,0.01,0.2,0.1,2.1675,0.1,0.003,0.2064,0.001696,0.72,0,23,58.44,0.791,1,0,0.0,0.0,1,30,7640,203126.4,0.0,-1,100.0
1785882970628,32,v1,0.01,0.2,0.1,1.5816,0.1,0.003,0.2449,0.002523,0.72,0,29,34.89,0.868,1,0,19.666,19.666,1,30,5957,160825.8,100.0,25,100.0
1785882972289,33,v1,0.01,0.2,0.1,1.757,0.1,0.003,0.2352,0.002487,0.72,0,20,65.88,0.513,1,2074,19.0,13.387,1,30,6560,176703.3,100.0,26,100.0
1785882973625,34,v1,0.01,0.2,0.1,1.8269,0.1,0.003,0.1564,0.002223,0.72,0,29,27.66,0.904,1,0,0.0,0.0,1,30,6020,164626.3,0.0,-1,100.0
1785882965588,35,v1,0.01,0.2,0.1,1.7495,0.1,0.003,0.0624,0.002711,0.72,0,12,87.0,0.811,1,0,11.0,11.0,1,30,6026,160684.1,0.0,-1,100.0
1785882966792,36,v1,0.01,0.2,0.1,1.3915,0.1,0.003,0.1016,0.002616,0.72,0,28,52.18,0.92,1,0,19.804,19.804,1,30,5940,164325.7,100.0,25,99.51
1785882968204,37,v1,0.01,0.2,0.1,2.4028,0.1,0.003,0.1881,0.002943,0.72,0,23,64.18,0.518,1,0,0.0,0.0,1,30,5786,162116.2,0.0,-1,100.0
1785882969630,38,v1,0.01,0.2,0.1,0.8405,0.1,0.003,0.1343,0.001629,0.72,0,8,81.35,0.306,1,0,7.0,7.0,1,30,6787,180820.6,100.0,25,97.63
1785882971031,39,v1,0.01,0.2,0.1,2.1916,0.1,0.003,0.2191,0.00316,0.72,0,36,86.42,0.784,1,0,0.0,0.0,1,30,6384,182046.8,0.0,-1,100.0
1785882972798,40,v1,0.01,0.2,0.1,1.0981,0.1,0.003,0.1369,0.00135,0.72,0,17,49.16,0.71,1,3377,16.0,8.475,1,30,6406,181838.2,100.0,26,100.0
1785882974016,41,v1,0.01,0.2,0.1,1.7312,0.1,0.003,0.1527,0.001688,0.72,0,27,75.15,0.327,1,0,0.0,0.0,1,30,5773,158898.2,0.0,-1,100.0
1785882965765,42,v1,0.01,0.2,0.1,1.0767,0.1,0.003,0.0896,0.001877,0.72,0,22,34.6,0.327,1,0,4.48,4.48,1,30,5675,155825.5,100.0,19,98.03
1785882967089,43,v1,0.01,0.2,0.1,2.3637,0.1,0.003,0.0802,0.002254,0.72,0,31,50.75,0.589,1,0,0.0,0.0,1,30,6146,166857.4,0.0,-1,100.0
1785882968288,44,v1,0.01,0.2,0.1,1.2874,0.1,0.003,0.0824,0.002232,0.72,0,21,65.82,0.967,1,0,0.0,0.0,1,30,6019,170041.7,0.0,-1,100.0
1785882969427,45,v1,0.01,0.2,0.1,1.433,0.1,0.003,0.2168,0.002748,0.72,0,20,41.68,0.383,1,1459,19.0,14.471,1,30,5758,159827.0,100.0,25,99.88
1785882970743,46,v1,0.01,0.2,0.1,2.1674,0.1,0.003,0.0684,0.002181,0.72,0,16,41.0,0.808,1,3514,15.0,6.646,1,30,5645,160102.1,0.0,-1,100.0
1785882972175,47,v1,0.01,0.2,0.1,1.2432,0.1,0.003,0.1103,0.002633,0.72,0,19,48.63,0.64,1,2541,18.0,10.3,1,30,5532,149294.1,100.0,26,99.77
1785882973704,48,v1,0.01,0.2,0.1,2.3573,0.1,0.003,0.0507,0.002574,0.72,0,15,39.26,0.43,1,1722,14.0,10.466,1,30,6045,169418.0,0.0,-1,100.0
1785882966462,49,v1,0.01,0.2,0.1,0.9663,0.1,0.003,0.2038,0.003124,0.72,0,12,53.77,0.866,1,3103,11.0,6.643,1,30,6642,172675.0,100.0,26,100.0
1785882968025,50,v1,0.01,0.2,0.1,1.4701,0.1,0.003,0.1471,0.003166,0.72,0,31,85.19,0.732,1,0,19.341,19.341,1,30,6629,180968.1,100.0,19,99.94
1785882969374,51,v1,0.01,0.2,0.1,1.9464,0.1,0.003,0.234,0.002263,0.72,0,22,93.66,0.804,1,0,0.0,0.0,1,30,6424,182381.4,0.0,-1,100.0
1785882970654,52,v1,0.01,0.2,0.1,1.8833,0.1,0.003,0.1132,0.002832,0.72,0,7,86.91,0.776,1,0,6.0,6.0,1,30,5655,156395.6,100.0,26,100.0
1785882972053,53,v1,0.01,0.2,0.1,1.0654,0.1,0.003,0.1468,0.002759,0.72,0,25,66.95,0.942,1,0,0.0,0.0,1,30,5092,145750.8,0.0,-1,100.0
1785882973597,54,v1,0.01,0.2,0.1,2.3823,0.1,0.003,0.2115,0.002858,0.72,0,22,68.29,0.766,1,0,0.0,0.0,1,30,5813,161531.0,0.0,-1,100.0
1785882974841,55,v1,0.01,0.2,0.1,1.1538,0.1,0.003,0.1536,0.003167,0.72,0,27,80.17,0.718,1,0,0.0,0.0,1,30,5803,168242.7,0.0,-1,100.0
1785882973245,56,v1,0.01,0.2,0.1,1.3795,0.1,0.003,0.0575,0.001892,0.72,0,10,65.66,0.341,1,1495,9.0,7.162,1,30,5795,152394.0,100.0,23,99.59
1785882974303,57,v1,0.01,0.2,0.1,1.9837,0.1,0.003,0.1138,0.003316,0.72,0,23,55.83,0.331,1,0,0.0,0.0,1,30,5495,155850.6,0.0,-1,100.0
1785882975838,58,v1,0.01,0.2,0.1,2.4875,0.1,0.003,0.1241,0.003134,0.72,0,28,66.91,0.942,1,0,0.0,0.0,1,30,6778,175211.1,0.0,-1,100.0
1785882976964,59,v1,0.01,0.2,0.1,1.3489,0.1,0.003,0.1387,0.002291,0.72,0,5,43.76,0.35,1,1454,4.0,3.469,1,30,5529,155044.8,0.0,-1,100.0
1785882978413,60,v1,0.01,0.2,0.1,1.2339,0.1,0.003,0.2092,0.003736,0.72,0,7,89.85,0.515,1,0,6.0,6.0,1,30,6129,168454.4,0.0,-1,100.0
1785882980006,61,v1,0.01,0.2,0.1,2.2931,0.1,0.003,0.0642,0.00341,0.72,0,18,20.18,0.533,1,2562,17.0,10.801,1,30,6588,177977.6,0.0,-1,100.0
1785882981765,62,v1,0.01,0.2,0.1,1.0221,0.1,0.003,0.2136,0.00224,0.72,0,10,84.05,0.534,1,2497,9.0,6.359,1,30,6735,192585.7,100.0,25,99.52
1785882973887,63,v1,0.01,0.2,0.1,1.1072,0.1,0.003,0.1327,0.002388,0.72,0,28,68.54,0.692,1,0,19.797,19.797,1,30,5797,158020.9,100.0,19,98.1
1785882975261,64,v1,0.01,0.2,0.1,2.0159,0.1,0.003,0.1036,0.002857,0.72,0,12,95.76,0.438,1,0,11.0,11.0,1,30,6126,167958.9,0.0,-1,100.0
1785882976801,65,v1,0.01,0.2,0.1,1.3296,0.1,0.003,0.1814,0.001446,0.72,0,20,58.0,0.421,1,1245,19.0,15.496,1,30,6201,161684.1,100.0,25,99.24
1785882978493,66,v1,0.01,0.2,0.1,1.2725,0.1,0.003,0.0679,0.001897,0.72,0,12,73.32,0.899,1,4480,11.0,4.639,1,30,6457,175557.3,0.0,-1,100.0
1785882979649,67,v1,0.01,0.2,0.1,1.6895,0.1,0.003,0.1323,0.002516,0.72,0,8,97.39,0.885,1,0,7.0,7.0,1,30,5440,151335.8,0.0,-1,100.0
1785882981274,68,v1,0.01,0.2,0.1,2.1736,0.1,0.003,0.1439,0.001661,0.72,0,22,49.76,0.539,1,0,0.0,0.0,1,30,6759,187644.3,0.0,-1,100.0
1785882982677,69,v1,0.01,0.2,0.1,1.5692,0.1,0.003,0.2315,0.002379,0.72,0,22,37.7,0.341,1,0,0.0,0.0,1,30,6511,179378.8,0.0,-1,100.0
1785882974415,70,v1,0.01,0.2,0.1,1.8576,0.1,0.003,0.1877,0.003619,0.72,0,29,69.58,0.929,1,0,0.0,0.0,1,30,7023,196533.3,0.0,-1,100.0
1785882975809,71,v1,0.01,0.2,0.1,1.7606,0.1,0.003,0.139,0.003586,0.72,0,5,95.59,0.532,1,0,4.0,4.0,1,30,6072,165890.7,100.0,25,100.0
1785882976931,72,v1,0.01,0.2,0.1,1.9514,0.1,0.003,0.1508,0.001848,0.72,0,22,87.93,0.454,1,0,0.0,0.0,1,30,5690,155408.5,0.0,-1,100.0
1785882978561,73,v1,0.01,0.2,0.1,1.2751,0.1,0.003,0.1283,0.002041,0.72,0,18,92.6,0.674,1,0,17.0,17.0,1,30,6896,172108.7,100.0,24,99.29
1785882979939,74,v1,0.01,0.2,0.1,1.2076,0.1,0.003,0.0538,0.001594,0.72,0,32,53.88,0.402,1,0,19.193,19.193,1,30,6184,164736.3,100.0,24,99.0
1785882981568,75,v1,0.01,0.2,0.1,2.2061,0.1,0.003,0.0722,0.001424,0.72,0,32,51.96,0.942,1,0,0.0,0.0,1,30,6450,186197.7,0.0,-1,100.0
1785882982895,76,v1,0.01,0.2,0.1,2.3427,0.1,0.003,0.135,0.002358,0.72,0,35,97.21,0.761,1,0,0.0,0.0,1,30,6132,170068.3,0.0,-1,100.0
1785882975234,77,v1,0.01,0.2,0.1,1.4094,0.1,0.003,0.1251,0.002042,0.72,0,12,40.97,0.553,1,1661,11.0,8.196,1,30,5465,159786.8,0.0,-1,100.0
1785882976806,78,v1,0.01,0.2,0.1,1.1822,0.1,0.003,0.169,0.001974,0.72,0,22,92.7,0.914,1,0,0.0,0.0,1,30,6428,183095.3,0.0,-1,100.0
1785882978214,79,v1,0.01,0.2,0.1,0.8845,0.1,0.003,0.1857,0.001685,0.72,0,16,93.67,0.319,1,0,15.0,15.0,1,30,6201,178287.0,100.0,26,99.71
1785882979554,80,v1,0.01,0.2,0.1,1.9747,0.1,0.003,0.2087,0.002107,0.72,0,30,91.86,0.554,1,0,0.0,0.0,1,30,5930,164371.8,0.0,-1,100.0
1785882981176,81,v1,0.01,0.2,0.1,1.7712,0.1,0.003,0.1426,0.002937,0.72,0,33,94.86,0.59,1,0,0.0,0.0,1,30,6319,168104.1,0.0,-1,100.0
1785882982445,82,v1,0.01,0.2,0.1,1.254,0.1,0.003,0.1742,0.001808,0.72,0,8,89.18,0.361,1,0,7.0,7.0,1,30,5903,163012.5,100.0,19,99.15
1785882983848,83,v1,0.01,0.2,0.1,0.8769,0.1,0.003,0.1575,0.002825,0.72,0,31,42.3,0.331,1,0,20.039,20.039,1,30,5793,156166.1,100.0,25,96.74
1785882976167,84,v1,0.01,0.2,0.1,2.2941,0.1,0.003,0.0581,0.002789,0.72,0,22,45.86,0.455,1,0,0.0,0.0,1,30,6653,182987.4,0.0,-1,100.0
1785882977418,85,v1,0.01,0.2,0.1,1.291,0.1,0.003,0.086,0.002248,0.72,0,7,81.32,0.457,1,0,6.0,6.0,1,30,6609,188873.5,100.0,25,99.26
1785882979134,86,v1,0.01,0.2,0.1,0.8688,0.1,0.003,0.2125,0.001607,0.72,0,26,24.97,0.501,1,12,4.261,4.088,1,30,6324,177047.9,100.0,26,98.24
1785882980319,87,v1,0.01,0.2,0.1,1.7336,0.1,0.003,0.2127,0.002787,0.72,0,35,26.88,0.534,1,0,0.0,0.0,1,30,5774,156832.8,0.0,-1,100.0
1785882981908,88,v1,0.01,0.2,0.1,1.7518,0.1,0.003,0.2179,0.001805,0.72,0,13,95.49,0.403,1,0,12.0,12.0,1,30,6583,177930.4,100.0,24,100.0
1785882983709,89,v1,0.01,0.2,0.1,1.7744,0.1,0.003,0.1978,0.003326,0.72,0,8,95.04,0.552,1,0,7.0,7.0,1,30,6752,175793.7,0.0,-1,100.0
1785882984785,90,v1,0.01,0.2,0.1,0.8891,0.1,0.003,0.0839,0.002075,0.72,0,4,81.62,0.421,1,0,3.0,3.0,1,30,5830,159205.5,100.0,19,94.61
1785882976489,91,v1,0.01,0.2,0.1,1.8721,0.1,0.003,0.1882,0.003479,0.72,0,12,50.53,0.595,1,2716,11.0,6.888,1,30,6173,167732.3,0.0,-1,100.0
1785882977596,92,v1,0.01,0.2,0.1,0.964,0.1,0.003,0.1526,0.002732,0.72,0,7,23.4,0.923,1,2982,6.0,3.743,1,30,5369,150400.4,100.0,25,99.05
1785882979250,93,v1,0.01,0.2,0.1,0.9022,0.1,0.003,0.1605,0.002715,0.72,0,4,85.32,0.396,1,0,3.0,3.0,1,30,6411,180175.5,100.0,19,95.24
1785882980461,94,v1,0.01,0.2,0.1,1.9504,0.1,0.003,0.1202,0.0032,0.72,0,11,69.84,0.534,1,0,10.0,10.0,1,30,6253,175193.3,0.0,-1,100.0
1785882982147,95,v1,0.01,0.2,0.1,1.4553,0.1,0.003,0.1392,0.003761,0.72,0,11,60.17,0.957,1,3628,10.0,5.53,1,30,6744,183349.6,100.0,25,99.97
1785882983729,96,v1,0.01,0.2,0.1,1.7328,0.1,0.003,0.2423,0.002375,0.72,0,22,82.37,0.802,1,0,0.438,0.438,1,30,5864,162502.5,100.0,26,100.0
1785882985238,97,v1,0.01,0.2,0.1,2.409,0.1,0.003,0.1742,0.002496,0.72,0,18,36.65,0.773,1,2887,17.0,10.126,1,30,6577,181049.4,0.0,-1,100.0
1785882976960,98,v1,0.01,0.2,0.1,1.8049,0.1,0.003,0.1004,0.001803,0.72,0,16,70.91,0.803,1,2611,15.0,9.541,1,30,6394,178640.4,0.0,-1,100.0
1785882978401,99,v1,0.01,0.2,0.1,1.8707,0.1,0.003,0.0797,0.002704,0.72,0,15,54.42,0.947,1,3002,14.0,7.877,1,30,6112,162113.0,0.0,-1,100.0
1785882979664,100,v1,0.01,0.2,0.1,1.882,0.1,0.003,0.0645,0.001769,0.72,0,28,94.38,0.476,1,0,20.0,20.0,1,30,5742,160512.5,100.0,26,100.0
1785882981059,101,v1,0.01,0.2,0.1,1.9616,0.1,0.003,0.1773,0.002957,0.72,0,32,73.33,0.66,1,0,0.0,0.0,1,30,6444,171145.8,100.0,25,100.0
1785882982485,102,v1,0.01,0.2,0.1,1.8493,0.1,0.003,0.0893,0.002055,0.72,0,31,76.09,0.512,1,0,0.0,0.0,1,30,6130,172469.0,0.0,-1,100.0
1785882984190,103,v1,0.01,0.2,0.1,1.9531,0.1,0.003,0.2467,0.002857,0.72,0,20,24.32,0.782,1,2322,19.0,11.922,1,30,5880,156915.2,0.0,-1,100.0
1785882985602,104,v1,0.01,0.2,0.1,1.2152,0.1,0.003,0.2134,0.003654,0.72,0,8,68.39,0.876,1,3691,7.0,4.062,1,30,6447,176275.1,0.0,-1,100.0
1785882977413,105,v1,0.01,0.2,0.1,2.2164,0.1,0.003,0.0628,0.002894,0.72,0,12,29.35,0.734,1,2287,11.0,7.678,1,30,6407,175931.0,0.0,-1,100.0
1785882979133,106,v1,0.01,0.2,0.1,1.7111,0.1,0.003,0.1689,0.001868,0.72,0,25,83.33,0.738,1,0,6.272,6.272,1,30,6813,188563.0,100.0,24,100.0
1785882980356,107,v1,0.01,0.2,0.1,1.9448,0.1,0.003,0.1941,0.003224,0.72,0,23,89.14,0.639,1,0,0.0,0.0,1,30,6183,175416.7,0.0,-1,100.0
1785882982001,108,v1,0.01,0.2,0.1,1.6034,0.1,0.003,0.1923,0.001694,0.72,0,19,30.2,0.623,1,2471,18.0,11.452,1,30,6199,178162.3,0.0,-1,100.0
1785882983646,109,v1,0.01,0.2,0.1,1.6383,0.1,0.003,0.181,0.002533,0.72,0,31,42.91,0.759,1,0,19.104,19.104,1,30,5853,154324.3,100.0,24,100.0
1785882985126,110,v1,0.01,0.2,0.1,2.4878,0.1,0.003,0.0923,0.002096,0.72,0,26,35.15,0.376,1,0,0.0,0.0,1,30,6171,171516.9,0.0,-1,100.0
1785882986766,111,v1,0.01,0.2,0.1,0.8012,0.1,0.003,0.0831,0.003293,0.72,0,26,30.04,0.455,1,0,0.0,0.0,1,30,6377,185189.0,0.0,-1,100.0
1785882984327,112,v1,0.01,0.2,0.1,2.1221,0.1,0.003,0.1794,0.003124,0.72,0,18,49.96,0.802,1,2771,17.0,10.483,1,30,6716,190925.0,0.0,-1,100.0
1785882985734,113,v1,0.01,0.2,0.1,1.5652,0.1,0.003,0.1456,0.001268,0.72,0,34,86.37,0.408,1,0,0.0,0.0,1,30,6087,173684.4,100.0,26,100.0
1785882987627,114,v1,0.01,0.2,0.1,2.2911,0.1,0.003,0.1818,0.002497,0.72,0,5,79.73,0.715,1,0,4.0,4.0,1,30,7597,193423.3,0.0,-1,100.0
1785882988902,115,v1,0.01,0.2,0.1,1.8397,0.1,0.003,0.0688,0.001382,0.72,0,17,70.2,0.866,1,2938,16.0,9.324,1,30,6278,169682.3,100.0,26,100.0
1785882990248,116,v1,0.01,0.2,0.1,1.2449,0.1,0.003,0.1372,0.002745,0.72,0,15,66.58,0.642,1,2302,14.0,9.706,1,30,6686,185024.3,0.0,-1,100.0
1785882991560,117,v1,0.01,0.2,0.1,1.6687,0.1,0.003,0.0569,0.003069,0.72,0,4,93.1,0.778,1,0,3.0,3.0,1,30,5943,167720.9,100.0,26,100.0
1785882992855,118,v1,0.01,0.2,0.1,1.9966,0.1,0.003,0.1975,0.003182,0.72,0,23,87.18,0.928,1,0,0.0,0.0,1,30,6062,165111.0,0.0,-1,100.0
1785882984824,119,v1,0.01,0.2,0.1,1.8537,0.1,0.003,0.1134,0.00347,0.72,0,26,84.26,0.728,1,0,19.092,19.092,1,30,6769,184273.8,100.0,25,100.0
1785882986545,120,v1,0.01,0.2,0.1,1.4851,0.1,0.003,0.0816,0.002903,0.72,0,8,83.51,0.673,1,0,7.0,7.0,1,30,6469,174712.3,0.0,-1,100.0
1785882987849,121,v1,0.01,0.2,0.1,1.8255,0.1,0.003,0.1334,0.003244,0.72,0,20,46.54,0.45,1,1546,19.0,14.435,1,30,6115,169836.3,100.0,26,100.0
1785882989276,122,v1,0.01,0.2,0.1,1.7669,0.1,0.003,0.1558,0.002814,0.72,0,20,67.82,0.829,1,2994,19.0,9.546,1,30,5687,153259.5,0.0,-1,100.0
1785882990470,123,v1,0.01,0.2,0.1,2.0648,0.1,0.003,0.1095,0.001412,0.72,0,20,95.56,0.626,1,0,19.0,19.0,1,30,6243,170736.8,0.0,-1,100.0
1785882991996,124,v1,0.01,0.2,0.1,2.3512,0.1,0.003,0.2398,0.001999,0.72,0,32,38.88,0.503,1,0,0.0,0.0,1,30,6306,180616.3,0.0,-1,100.0
1785882993214,125,v1,0.01,0.2,0.1,1.6641,0.1,0.003,0.1602,0.003388,0.72,0,4,60.74,0.941,1,3915,3.0,2.321,1,30,5827,166298.6,0.0,-1,100.0
1785882985205,126,v1,0.01,0.2,0.1,1.7665,0.1,0.003,0.1813,0.001262,0.72,0,21,72.61,0.809,1,0,0.0,0.0,1,30,5565,155283.9,0.0,-1,100.0
1785882986744,127,v1,0.01,0.2,0.1,1.7774,0.1,0.003,0.0901,0.002606,0.72,0,19,46.92,0.328,1,1405,18.0,13.862,1,30,5693,160917.0,0.0,-1,100.0
1785882987891,128,v1,0.01,0.2,0.1,1.521,0.1,0.003,0.2382,0.001714,0.72,0,20,65.91,0.421,1,1930,19.0,13.924,1,30,6655,187250.8,0.0,-1,100.0
1785882989492,129,v1,0.01,0.2,0.1,2.1203,0.1,0.003,0.2125,0.002012,0.72,0,12,98.39,0.998,1,0,11.0,11.0,1,30,6449,178953.7,0.0,-1,100.0
1785882990578,130,v1,0.01,0.2,0.1,1.8209,0.1,0.003,0.1289,0.002649,0.72,0,36,82.68,0.701,1,0,0.0,0.0,1,30,5721,156187.3,100.0,26,100.0
1785882992100,131,v1,0.01,0.2,0.1,0.8312,0.1,0.003,0.1124,0.00125,0.72,0,20,62.64,0.929,1,2357,19.0,12.251,1,30,6093,171411.6,100.0,19,95.91
1785882993170,132,v1,0.01,0.2,0.1,2.2209,0.1,0.003,0.1369,0.001529,0.72,0,6,54.3,0.358,1,1093,5.0,4.437,1,30,5874,157256.1,0.0,-1,100.0
1785882986171,133,v1,0.01,0.2,0.1,1.1542,0.1,0.003,0.0866,0.003743,0.72,0,14,52.0,0.884,1,3398,13.0,7.338,1,30,6948,185646.9,0.0,-1,100.0
1785882987820,134,v1,0.01,0.2,0.1,0.8346,0.1,0.003,0.2261,0.002862,0.72,0,33,78.2,0.722,1,0,19.616,19.616,1,30,6640,183108.7,100.0,25,96.79
1785882989385,135,v1,0.01,0.2,0.1,0.8591,0.1,0.003,0.0968,0.00357,0.72,0,26,90.28,0.946,1,0,6.558,6.558,1,30,6400,180555.6,100.0,25,98.2
1785882990435,136,v1,0.01,0.2,0.1,1.4743,0.1,0.003,0.0512,0.002393,0.72,0,9,61.16,0.821,1,2645,8.0,5.041,1,30,5472,149383.1,100.0,26,100.0
1785882992061,137,v1,0.01,0.2,0.1,1.3356,0.1,0.003,0.0695,0.002396,0.72,0,17,60.67,0.692,1,2234,16.0,11.132,1,30,6683,182847.1,100.0,25,99.78
1785882993203,138,v1,0.01,0.2,0.1,2.2556,0.1,0.003,0.1857,0.001563,0.72,0,7,96.18,0.987,1,0,6.0,6.0,1,30,5726,160265.6,0.0,-1,100.0
1785882995467,139,v1,0.01,0.2,0.1,0.8476,0.1,0.003,0.1265,0.002642,0.72,0,24,52.2,0.312,1,0,0.0,0.0,1,30,7859,209122.4,0.0,-1,100.0
1785882987284,140,v1,0.01,0.2,0.1,2.1893,0.1,0.003,0.1751,0.002446,0.72,0,17,35.12,0.484,1,1801,16.0,11.907,1,30,6431,174554.0,0.0,-1,100.0
1785882988537,141,v1,0.01,0.2,0.1,2.0688,0.1,0.003,0.2084,0.003758,0.72,0,17,65.32,0.716,1,1965,16.0,10.825,1,30,5648,155024.7,0.0,-1,100.0
1785882989940,142,v1,0.01,0.2,0.1,1.8566,0.1,0.003,0.0769,0.003195,0.72,0,25,92.42,0.305,1,0,0.0,0.0,1,30,5698,160927.2,0.0,-1,100.0
1785882991127,143,v1,0.01,0.2,0.1,1.0413,0.1,0.003,0.2308,0.002305,0.72,0,28,30.33,0.665,1,0,19.984,19.984,1,30,5840,165483.3,100.0,25,98.48
1785882992599,144,v1,0.01,0.2,0.1,1.5307,0.1,0.003,0.098,0.003711,0.72,0,21,53.14,0.701,1,0,0.0,0.0,1,30,6375,172168.7,0.0,-1,100.0
1785882993989,145,v1,0.01,0.2,0.1,2.3315,0.1,0.003,0.196,0.001481,0.72,0,8,76.12,0.982,1,4400,7.0,3.535,1,30,6424,181368.7,0.0,-1,100.0
1785882995692,146,v1,0.01,0.2,0.1,2.4264,0.1,0.003,0.1183,0.003038,0.72,0,18,56.7,0.508,1,2244,17.0,11.854,1,30,6908,180695.2,0.0,-1,100.0
1785882987664,147,v1,0.01,0.2,0.1,1.8551,0.1,0.003,0.0847,0.002094,0.72,0,7,30.37,0.651,1,2263,6.0,4.596,1,30,6538,172394.6,0.0,-1,100.0
1785882989290,148,v1,0.01,0.2,0.1,1.617,0.1,0.003,0.1846,0.001227,0.72,0,5,82.92,0.964,1,0,4.0,4.0,1,30,6727,182645.2,0.0,-1,100.0
1785882990500,149,v1,0.01,0.2,0.1,1.0192,0.1,0.003,0.1923,0.003119,0.72,0,30,49.06,0.736,1,0,20.0,20.0,1,30,6584,187591.9,100.0,26,99.8
1785882992035,150,v1,0.01,0.2,0.1,1.6522,0.1,0.003,0.1368,0.002104,0.72,0,31,65.4,0.412,1,0,0.0,0.0,1,30,6358,183260.9,0.0,-1,100.0
1785882993114,151,v1,0.01,0.2,0.1,1.124,0.1,0.003,0.0754,0.003624,0.72,0,29,33.07,0.409,1,0,19.99,19.99,1,30,5727,155020.8,100.0,25,99.16
1785882994748,152,v1,0.01,0.2,0.1,1.2665,0.1,0.003,0.1786,0.002706,0.72,0,8,43.89,0.983,1,3055,7.0,4.476,1,30,6203,174573.3,100.0,25,99.47
1785882995952,153,v1,0.01,0.2,0.1,2.2253,0.1,0.003,0.2299,0.003102,0.72,0,20,40.42,0.587,1,1941,19.0,13.622,1,30,6452,168492.9,0.0,-1,100.0
1785882988052,154,v1,0.01,0.2,0.1,1.9004,0.1,0.003,0.2256,0.00221,0.72,0,23,78.37,0.616,1,0,0.0,0.0,1,30,6210,170576.2,0.0,-1,100.0
1785882989609,155,v1,0.01,0.2,0.1,2.3723,0.1,0.003,0.1826,0.003014,0.72,0,4,67.13,0.783,1,0,3.0,3.0,1,30,6291,175302.1,0.0,-1,100.0
1785882990779,156,v1,0.01,0.2,0.1,1.2599,0.1,0.003,0.1796,0.002024,0.72,0,8,66.49,0.835,1,3602,7.0,3.978,1,30,6049,169824.4,100.0,25,99.83
1785882992239,157,v1,0.01,0.2,0.1,0.9515,0.1,0.003,0.1721,0.002609,0.72,0,13,82.02,0.326,1,0,12.0,12.0,1,30,6119,170279.4,100.0,19,96.98
1785882993418,158,v1,0.01,0.2,0.1,1.8293,0.1,0.003,0.1456,0.001239,0.72,0,14,62.84,0.442,1,1644,13.0,9.947,1,30,6005,166066.8,0.0,-1,100.0
1785882995289,159,v1,0.01,0.2,0.1,1.0081,0.1,0.003,0.1889,0.002255,0.72,0,25,45.07,0.554,1,0,7.369,7.369,1,30,6546,176319.0,100.0,19,96.65
1785882996514,160,v1,0.01,0.2,0.1,0.9637,0.1,0.003,0.0937,0.001384,0.72,0,12,71.76,0.801,1,0,11.0,11.0,1,30,5722,164187.2,100.0,24,96.75
1785882988773,161,v1,0.01,0.2,0.1,1.9904,0.1,0.003,0.2366,0.002216,0.72,0,34,60.53,0.573,1,0,0.0,0.0,1,30,6531,174995.4,0.0,-1,100.0
1785882990093,162,v1,0.01,0.2,0.1,1.3678,0.1,0.003,0.158,0.002246,0.72,0,23,30.19,0.528,1,0,5.266,5.266,1,30,5885,158981.6,100.0,19,99.22
1785882991243,163,v1,0.01,0.2,0.1,2.493,0.1,0.003,0.0555,0.002612,0.72,0,22,70.19,0.461,1,0,0.0,0.0,1,30,6159,170513.9,0.0,-1,100.0
1785882992583,164,v1,0.01,0.2,0.1,1.8073,0.1,0.003,0.2169,0.003147,0.72,0,28,93.12,0.952,1,0,19.522,19.522,1,30,6190,174030.7,100.0,25,100.0
1785882993935,165,v1,0.01,0.2,0.1,1.5333,0.1,0.003,0.1959,0.002681,0.72,0,32,38.71,0.624,1,0,19.0,19.0,1,30,6446,170975.0,100.0,25,100.0
1785882995548,166,v1,0.01,0.2,0.1,1.8418,0.1,0.003,0.2409,0.001275,0.72,0,11,68.9,0.659,1,2334,10.0,6.798,1,30,5892,163350.1,100.0,25,100.0
1785882996922,167,v1,0.01,0.2,0.1,2.3643,0.1,0.003,0.2174,0.001363,0.72,0,16,84.51,0.652,1,2194,15.0,10.491,1,30,6436,174691.3,0.0,-1,100.0
1785882995096,168,v1,0.01,0.2,0.1,1.7256,0.1,0.003,0.2039,0.001343,0.72,0,33,35.0,0.485,1,0,0.0,0.0,1,30,5874,166066.1,0.0,-1,100.0
1785882996415,169,v1,0.01,0.2,0.1,1.4525,0.1,0.003,0.1361,0.001664,0.72,0,29,92.65,0.797,1,0,0.0,0.0,1,30,6284,177872.9,0.0,-1,100.0
1785882997815,170,v1,0.01,0.2,0.1,1.452,0.1,0.003,0.1401,0.003261,0.72,0,14,47.71,0.734,1,2722,13.0,8.314,1,30,6668,191272.4,0.0,-1,100.0
1785882998946,171,v1,0.01,0.2,0.1,2.3139,0.1,0.003,0.1252,0.003409,0.72,0,31,49.69,0.557,1,0,0.0,0.0,1,30,6445,180879.6,0.0,-1,100.0
1785883000416,172,v1,0.01,0.2,0.1,1.9456,0.1,0.003,0.1349,0.002622,0.72,0,6,97.52,0.874,1,0,5.0,5.0,1,30,6787,184356.0,0.0,-1,100.0
1785883001617,173,v1,0.01,0.2,0.1,2.3272,0.1,0.003,0.0619,0.002847,0.72,0,14,70.91,0.42,1,1584,13.0,10.155,1,30,6341,171837.4,0.0,-1,100.0
1785883003007,174,v1,0.01,0.2,0.1,1.4588,0.1,0.003,0.2409,0.003763,0.72,0,15,88.63,0.746,1,3293,14.0,7.776,1,30,6681,181905.9,0.0,-1,100.0
1785882995570,175,v1,0.01,0.2,0.1,1.2485,0.1,0.003,0.1513,0.001827,0.72,0,28,80.61,0.486,1,0,20.0,20.0,1,30,5739,158694.1,100.0,25,100.0
1785882996825,176,v1,0.01,0.2,0.1,2.06,0.1,0.003,0.118,0.003442,0.72,0,35,51.72,0.602,1,0,0.0,0.0,1,30,5845,154012.8,100.0,26,100.0
1785882998157,177,v1,0.01,0.2,0.1,2.3504,0.1,0.003,0.0731,0.003595,0.72,0,35,57.11,0.912,1,0,0.0,0.0,1,30,7109,187967.7,0.0,-1,100.0
1785882999126,178,v1,0.01,0.2,0.1,2.0306,0.1,0.003,0.133,0.002069,0.72,0,12,66.17,0.928,1,3793,11.0,4.824,1,30,5683,157727.0,100.0,27,100.0
1785883000560,179,v1,0.01,0.2,0.1,1.6461,0.1,0.003,0.165,0.003631,0.72,0,26,42.39,0.776,1,0,0.798,0.798,1,30,6421,170310.6,100.0,26,100.0
1785883001579,180,v1,0.01,0.2,0.1,2.4574,0.1,0.003,0.0669,0.003577,0.72,0,35,58.77,0.926,1,0,0.0,0.0,1,30,5860,159533.8,0.0,-1,100.0
1785883003019,181,v1,0.01,0.2,0.1,0.9911,0.1,0.003,0.0982,0.001272,0.72,0,22,53.54,0.619,1,0,1.759,1.759,1,30,6919,181053.7,100.0,25,98.16
1785882995875,182,v1,0.01,0.2,0.1,1.8926,0.1,0.003,0.2216,0.001837,0.72,0,34,53.62,0.987,1,0,0.0,0.0,1,30,5814,157884.9,100.0,26,100.0
1785882997290,183,v1,0.01,0.2,0.1,1.0749,0.1,0.003,0.2019,0.001363,0.72,0,15,57.31,0.582,1,1825,14.0,10.433,1,30,6249,179073.8,0.0,-1,100.0
1785882998432,184,v1,0.01,0.2,0.1,1.4695,0.1,0.003,0.0841,0.00148,0.72,0,28,52.5,0.495,1,0,0.0,0.0,1,30,6087,167701.5,0.0,-1,100.0
1785882999487,185,v1,0.01,0.2,0.1,1.6355,0.1,0.003,0.1676,0.002274,0.72,0,13,41.25,0.982,1,4165,12.0,4.75,1,30,5909,164425.8,0.0,-1,100.0
1785883000859,186,v1,0.01,0.2,0.1,1.1022,0.1,0.003,0.0982,0.002347,0.72,0,5,59.5,0.86,1,4281,4.0,2.642,1,30,6381,177095.2,100.0,25,99.44
1785883001858,187,v1,0.01,0.2,0.1,1.9976,0.1,0.003,0.2291,0.001516,0.72,0,9,84.04,0.6,1,2081,8.0,5.871,1,30,5935,161831.4,100.0,25,100.0
1785883003167,188,v1,0.01,0.2,0.1,0.9361,0.1,0.003,0.1721,0.003052,0.72,0,34,52.27,0.851,1,0,19.091,19.091,1,30,5812,156330.9,100.0,26,99.81
1785882997427,189,v1,0.01,0.2,0.1,1.4251,0.1,0.003,0.2424,0.002752,0.72,0,23,24.76,0.383,1,0,0.0,0.0,1,30,6081,170468.1,0.0,-1,100.0
1785882998582,190,v1,0.01,0.2,0.1,1.5491,0.1,0.003,0.187,0.00179,0.72,0,31,40.94,0.898,1,0,0.0,0.0,1,30,6099,171625.7,0.0,-1,100.0
1785882999728,191,v1,0.01,0.2,0.1,1.1382,0.1,0.003,0.1834,0.002762,0.72,0,9,95.23,0.879,1,0,8.0,8.0,1,30,6145,171368.6,100.0,25,98.68
1785883001054,192,v1,0.01,0.2,0.1,1.1581,0.1,0.003,0.2468,0.003276,0.72,0,20,60.83,0.773,1,3440,19.0,9.496,1,30,6542,184363.4,100.0,26,99.92
1785883002056,193,v1,0.01,0.2,0.1,2.4186,0.1,0.003,0.0768,0.003273,0.72,0,5,42.73,0.718,1,3099,4.0,2.898,1,30,5687,155483.8,0.0,-1,100.0
1785883003317,194,v1,0.01,0.2,0.1,1.6625,0.1,0.003,0.0526,0.003523,0.72,0,16,96.2,0.779,1,0,15.0,15.0,1,30,6774,185061.8,0.0,-1,100.0
1785883003923,195,v1,0.01,0.2,0.1,2.2592,0.1,0.003,0.1651,0.00253,0.72,0,8,95.37,0.381,1,0,7.0,7.0,1,30,6531,168186.6,0.0,-1,100.0
1785882997782,196,v1,0.01,0.2,0.1,1.461,0.1,0.003,0.138,0.003188,0.72,0,35,30.87,0.97,1,0,19.0,19.0,1,30,6197,178605.6,100.0,26,99.98
1785882998932,197,v1,0.01,0.2,0.1,2.465,0.1,0.003,0.1445,0.001295,0.72,0,26,71.14,0.576,1,0,0.0,0.0,1,30,6342,180671.5,0.0,-1,100.0
1785883000237,198,v1,0.01,0.2,0.1,1.4543,0.1,0.003,0.1423,0.003734,0.72,0,22,83.68,0.832,1,0,3.932,3.932,1,30,6266,173274.5,100.0,19,99.89
1785883001569,199,v1,0.01,0.2,0.1,1.3166,0.1,0.003,0.237,0.003632,0.72,0,15,61.43,0.444,1,1824,14.0,10.792,1,30,7195,197003.7,0.0,-1,100.0
1785883009257,200,v1,0.01,0.2,0.1,1.5798,0.1,0.003,0.1579,0.001816,0.72,0,27,80.27,0.81,1,0,0.0,0.0,1,30,6584,187364.5,0.0,-1,100.0
1785883010529,201,v1,0.01,0.2,0.1,2.3316,0.1,0.003,0.2317,0.003722,0.72,0,13,74.16,0.848,1,0,12.0,12.0,1,30,6795,189055.5,0.0,-1,100.0
1785883011887,202,v1,0.01,0.2,0.1,2.2208,0.1,0.003,0.1293,0.001989,0.72,0,7,25.8,0.694,1,2944,6.0,3.818,1,30,5468,149764.2,0.0,-1,100.0
1785883013065,203,v1,0.01,0.2,0.1,0.9802,0.1,0.003,0.19,0.001473,0.72,0,10,83.17,0.591,1,0,9.0,9.0,1,30,5778,159647.3,100.0,19,96.94
1785883014421,204,v1,0.01,0.2,0.1,0.8795,0.1,0.003,0.1708,0.002779,0.72,0,15,43.55,0.808,1,2637,14.0,8.629,1,30,6107,174778.4,100.0,25,97.87
1785883015752,205,v1,0.01,0.2,0.1,2.4948,0.1,0.003,0.1743,0.003232,0.72,0,10,39.53,0.3,1,1201,9.0,7.624,1,30,6280,176850.3,0.0,-1,100.0
1785883017262,206,v1,0.01,0.2,0.1,2.0945,0.1,0.003,0.1425,0.001882,0.72,0,7,22.86,0.557,1,2091,6.0,4.639,1,30,6213,166106.1,0.0,-1,100.0
1785883009658,207,v1,0.01,0.2,0.1,1.9176,0.1,0.003,0.0532,0.002252,0.72,0,17,22.75,0.663,1,2358,16.0,10.908,1,30,6725,186855.2,0.0,-1,100.0
1785883010756,208,v1,0.01,0.2,0.1,1.9729,0.1,0.003,0.2316,0.001481,0.72,0,21,26.44,0.714,1,0,0.0,0.0,1,30,5778,161565.1,0.0,-1,100.0
1785883012175,209,v1,0.01,0.2,0.1,1.725,0.1,0.003,0.1385,0.003464,0.72,0,32,78.64,0.723,1,0,0.0,0.0,1,30,6537,172307.8,0.0,-1,100.0
1785883013176,210,v1,0.01,0.2,0.1,1.1502,0.1,0.003,0.0525,0.001494,0.72,0,7,26.18,0.952,1,3271,6.0,3.602,1,30,5513,146943.5,0.0,-1,100.0
1785883014685,211,v1,0.01,0.2,0.1,1.9072,0.1,0.003,0.2148,0.002202,0.72,0,8,20.6,0.774,1,3353,7.0,4.263,1,30,6224,175321.2,0.0,-1,100.0
1785883015888,212,v1,0.01,0.2,0.1,2.0874,0.1,0.003,0.19,0.003612,0.72,0,26,51.81,0.766,1,0,0.0,0.0,1,30,6279,169483.7,0.0,-1,100.0
1785883017466,213,v1,0.01,0.2,0.1,1.8283,0.1,0.003,0.1031,0.001562,0.72,0,34,32.72,0.995,1,0,0.0,0.0,1,30,6660,189113.2,0.0,-1,100.0
1785883009920,214,v1,0.01,0.2,0.1,2.4061,0.1,0.003,0.2384,0.003484,0.72,0,9,78.3,0.566,1,2264,8.0,5.769,1,30,6256,171886.1,0.0,-1,100.0
1785883011149,215,v1,0.01,0.2,0.1,1.3929,0.1,0.003,0.1919,0.002774,0.72,0,6,79.95,0.877,1,0,5.0,5.0,1,30,5951,163429.3,0.0,-1,100.0
1785883012523,216,v1,0.01,0.2,0.1,1.6909,0.1,0.003,0.2163,0.002621,0.72,0,22,93.67,0.834,1,0,2.41,2.41,1,30,6300,166916.3,100.0,24,100.0
1785883013800,217,v1,0.01,0.2,0.1,2.1361,0.1,0.003,0.1979,0.002019,0.72,0,35,85.96,0.605,1,0,0.0,0.0,1,30,6856,184050.8,0.0,-1,100.0
1785883015283,218,v1,0.01,0.2,0.1,2.1125,0.1,0.003,0.1902,0.001735,0.72,0,15,44.53,0.622,1,1942,14.0,10.183,1,30,6256,175754.6,0.0,-1,100.0
1785883016567,219,v1,0.01,0.2,0.1,2.4743,0.1,0.003,0.2032,0.003693,0.72,0,12,75.83,0.313,1,1454,11.0,8.872,1,30,6407,177518.6,0.0,-1,100.0
1785883017975,220,v1,0.01,0.2,0.1,2.3851,0.1,0.003,0.1003,0.002743,0.72,0,20,37.23,0.565,1,2817,19.0,11.352,1,30,6597,177352.2,0.0,-1,100.0
1785883010529,221,v1,0.01,0.2,0.1,1.3468,0.1,0.003,0.2052,0.003607,0.72,0,28,30.06,0.339,1,0,0.0,0.0,1,30,6189,168357.1,0.0,-1,100.0
1785883012208,222,v1,0.01,0.2,0.1,1.9226,0.1,0.003,0.1455,0.002858,0.72,0,30,76.83,0.913,1,0,0.0,0.0,1,30,6329,171405.5,0.0,-1,100.0
1785883013270,223,v1,0.01,0.2,0.1,0.8585,0.1,0.003,0.0833,0.001655,0.72,0,18,97.28,0.918,1,0,17.0,17.0,1,30,5288,150778.6,0.0,-1,100.0
1785883014809,224,v1,0.01,0.2,0.1,1.9648,0.1,0.003,0.0511,0.001731,0.72,0,11,48.81,0.373,1,1750,10.0,7.873,1,30,6681,185551.7,0.0,-1,100.0
1785883016026,225,v1,0.01,0.2,0.1,1.3081,0.1,0.003,0.0584,0.003235,0.72,0,29,90.58,0.922,1,0,19.894,19.894,1,30,6568,182771.2,100.0,23,99.0
1785883017620,226,v1,0.01,0.2,0.1,1.2983,0.1,0.003,0.1401,0.002196,0.72,0,11,75.0,0.381,1,1452,10.0,8.129,1,30,6351,177679.0,0.0,-1,100.0
1785883019189,227,v1,0.01,0.2,0.1,1.4809,0.1,0.003,0.1879,0.002317,0.72,0,25,31.98,0.389,1,0,0.424,0.424,1,30,6719,184678.2,100.0,25,100.0
1785883010911,228,v1,0.01,0.2,0.1,1.6168,0.1,0.003,0.0769,0.001597,0.72,0,12,87.61,0.924,1,0,11.0,11.0,1,30,6149,174395.1,0.0,-1,100.0
1785883012522,229,v1,0.01,0.2,0.1,2.1132,0.1,0.003,0.1725,0.003598,0.72,0,32,33.71,0.728,1,0,0.0,0.0,1,30,6184,167822.1,0.0,-1,100.0
1785883013723,230,v1,0.01,0.2,0.1,0.8607,0.1,0.003,0.1747,0.003515,0.72,0,27,73.3,0.771,1,0,0.0,0.0,1,30,6090,169949.0,0.0,-1,100.0
1785883015155,231,v1,0.01,0.2,0.1,1.577,0.1,0.003,0.209,0.002322,0.72,0,32,20.66,0.696,1,0,0.0,0.0,1,30,5882,163708.6,0.0,-1,100.0
1785883016353,232,v1,0.01,0.2,0.1,1.1114,0.1,0.003,0.2061,0.0021,0.72,0,24,43.28,0.755,1,0,0.0,0.0,1,30,6208,164440.9,0.0,-1,100.0
1785883017935,233,v1,0.01,0.2,0.1,1.2194,0.1,0.003,0.0658,0.002593,0.72,0,18,66.24,0.881,1,3418,17.0,8.875,1,30,6599,183885.1,100.0,25,99.32
1785883019074,234,v1,0.01,0.2,0.1,1.5261,0.1,0.003,0.22,0.003033,0.72,0,8,78.23,0.515,1,0,7.0,7.0,1,30,6106,168627.0,0.0,-1,100.0
1785883011822,235,v1,0.01,0.2,0.1,1.9202,0.1,0.003,0.1604,0.003027,0.72,0,11,51.57,0.306,1,1318,10.0,8.413,1,30,6846,190889.4,100.0,26,100.0
1785883013040,236,v1,0.01,0.2,0.1,1.8449,0.1,0.003,0.1671,0.003706,0.72,0,9,77.49,0.595,1,2007,8.0,5.669,1,30,5306,142156.7,0.0,-1,100.0
1785883014588,237,v1,0.01,0.2,0.1,1.4511,0.1,0.003,0.1285,0.002411,0.72,0,13,87.86,0.954,1,0,12.0,12.0,1,30,6806,188278.1,0.0,-1,100.0
1785883015815,238,v1,0.01,0.2,0.1,2.0652,0.1,0.003,0.1393,0.002327,0.72,0,8,83.38,0.355,1,1437,7.0,5.873,1,30,6488,176451.9,100.0,25,100.0
1785883017084,239,v1,0.01,0.2,0.1,1.7129,0.1,0.003,0.207,0.002212,0.72,0,24,46.11,0.971,1,0,0.0,0.0,1,30,5794,160870.3,0.0,-1,100.0
1785883018638,240,v1,0.01,0.2,0.1,1.8217,0.1,0.003,0.1353,0.001719,0.72,0,22,88.89,0.716,1,0,0.0,0.0,1,30,6329,177824.6,0.0,-1,100.0
1785883020321,241,v1,0.01,0.2,0.1,1.7815,0.1,0.003,0.0789,0.001343,0.72,0,17,40.06,0.918,1,3057,16.0,9.458,1,30,6678,184037.7,0.08,-1,100.0
1785883012291,242,v1,0.01,0.2,0.1,1.4972,0.1,0.003,0.1685,0.002275,0.72,0,21,44.49,0.437,1,0,0.0,0.0,1,30,6254,176950.6,0.0,-1,100.0
1785883013447,243,v1,0.01,0.2,0.1,1.5733,0.1,0.003,0.2225,0.003173,0.72,0,34,42.7,0.818,1,0,0.0,0.0,1,30,5944,165628.2,100.0,25,100.0
1785883015067,244,v1,0.01,0.2,0.1,1.0572,0.1,0.003,0.0768,0.003072,0.72,0,17,32.7,0.966,1,3117,16.0,8.967,1,30,6530,182555.3,0.0,-1,100.0
1785883016223,245,v1,0.01,0.2,0.1,1.1232,0.1,0.003,0.2474,0.0027,0.72,0,4,57.65,0.404,1,1202,3.0,2.796,1,30,5926,167216.5,100.0,26,99.97
1785883017751,246,v1,0.01,0.2,0.1,1.3494,0.1,0.003,0.155,0.003037,0.72,0,22,93.62,0.641,1,0,4.676,4.676,1,30,6117,165786.7,100.0,19,99.33
1785883019034,247,v1,0.01,0.2,0.1,1.6424,0.1,0.003,0.1051,0.002293,0.72,0,4,72.9,0.931,1,0,3.0,3.0,1,30,5706,158517.1,100.0,24,100.0
1785883020910,248,v1,0.01,0.2,0.1,0.9574,0.1,0.003,0.2127,0.002958,0.72,0,16,53.3,0.369,1,1964,15.0,11.255,1,30,7141,201920.7,100.0,26,99.86
1785883012472,249,v1,0.01,0.2,0.1,2.1381,0.1,0.003,0.0833,0.002886,0.72,0,23,38.57,0.999,1,0,0.118,0.118,1,30,5714,156077.4,100.0,26,100.0
1785883013652,250,v1,0.01,0.2,0.1,2.0943,0.1,0.003,0.229,0.003155,0.72,0,20,43.0,0.391,1,1292,19.0,15.419,1,30,6521,178139.8,0.0,-1,100.0
1785883015106,251,v1,0.01,0.2,0.1,0.9851,0.1,0.003,0.1896,0.002655,0.72,0,9,92.59,0.496,1,0,8.0,8.0,1,30,5856,160820.9,100.0,19,97.03
1785883016324,252,v1,0.01,0.2,0.1,2.4667,0.1,0.003,0.2363,0.001424,0.72,0,11,20.08,0.771,1,2747,10.0,6.582,1,30,6506,181249.9,0.0,-1,100.0
1785883018010,253,v1,0.01,0.2,0.1,2.3517,0.1,0.003,0.0874,0.002327,0.72,0,30,60.34,0.326,1,0,0.0,0.0,1,30,6526,186295.9,0.0,-1,100.0
1785883019193,254,v1,0.01,0.2,0.1,1.0443,0.1,0.003,0.0862,0.002747,0.72,0,4,57.88,0.669,1,2685,3.0,2.511,1,30,5540,152057.2,0.0,-1,100.0
1785883020801,255,v1,0.01,0.2,0.1,1.2404,0.1,0.003,0.2186,0.003763,0.72,0,34,94.28,0.882,1,0,0.0,0.0,1,30,6256,170249.0,0.0,-1,100.0
1785883019374,256,v1,0.01,0.2,0.1,0.9784,0.1,0.003,0.1624,0.001805,0.72,0,7,80.67,0.476,1,0,6.0,6.0,1,30,6902,201978.6,100.0,25,99.39
1785883020952,257,v1,0.01,0.2,0.1,1.6534,0.1,0.003,0.1398,0.003248,0.72,0,17,28.17,0.73,1,2284,16.0,10.403,1,30,6016,167815.4,0.0,-1,100.0
1785883022454,258,v1,0.01,0.2,0.1,2.083,0.1,0.003,0.2203,0.002232,0.72,0,23,37.43,0.698,1,0,0.0,0.0,1,30,6538,187578.2,0.0,-1,100.0
1785883023984,259,v1,0.01,0.2,0.1,1.4573,0.1,0.003,0.2421,0.00226,0.72,0,30,35.3,0.755,1,0,19.333,19.333,1,30,6373,180506.1,100.0,26,100.0
1785883025784,260,v1,0.01,0.2,0.1,1.099,0.1,0.003,0.1195,0.002693,0.72,0,31,47.21,0.735,1,0,19.703,19.703,1,30,6544,181801.2,100.0,19,97.71
1785883027293,261,v1,0.01,0.2,0.1,1.9673,0.1,0.003,0.0751,0.003027,0.72,0,33,41.16,0.334,1,0,0.0,0.0,1,30,5184,139227.3,0.0,-1,100.0
1785883029851,262,v1,0.01,0.2,0.1,2.2472,0.1,0.003,0.1707,0.002884,0.72,0,20,72.91,0.532,1,2409,19.0,11.904,1,30,6095,166021.7,0.0,-1,100.0
1785883019613,263,v1,0.01,0.2,0.1,1.3839,0.1,0.003,0.2053,0.00178,0.72,0,15,73.36,0.696,1,2974,14.0,8.184,1,30,6290,164007.3,0.0,-1,100.0
1785883021279,264,v1,0.01,0.2,0.1,1.1862,0.1,0.003,0.0909,0.002013,0.72,0,34,96.62,0.861,1,0,19.0,19.0,1,30,6480,179178.3,100.0,24,98.87
1785883022831,265,v1,0.01,0.2,0.1,1.8475,0.1,0.003,0.1858,0.002238,0.72,0,23,66.0,0.791,1,0,0.0,0.0,1,30,6584,183408.5,0.0,-1,100.0
1785883024236,266,v1,0.01,0.2,0.1,1.4079,0.1,0.003,0.0566,0.002702,0.72,0,36,41.46,0.624,1,0,19.391,19.391,1,30,6356,178943.5,100.0,25,99.65
1785883026374,267,v1,0.01,0.2,0.1,1.1075,0.1,0.003,0.0544,0.002002,0.72,0,11,45.1,0.526,1,1690,10.0,7.774,1,30,6197,177708.4,100.0,25,99.98
1785883027788,268,v1,0.01,0.2,0.1,2.1885,0.1,0.003,0.2008,0.002013,0.72,0,26,61.89,0.455,1,0,0.0,0.0,1,30,5945,161134.3,0.0,-1,100.0
1785883030464,269,v1,0.01,0.2,0.1,1.7184,0.1,0.003,0.1132,0.003158,0.72,0,28,28.73,0.599,1,1,19.536,18.929,1,30,6445,170204.6,100.0,25,100.0
1785883020624,270,v1,0.01,0.2,0.1,1.7005,0.1,0.003,0.2462,0.003462,0.72,0,8,53.76,0.893,1,4348,7.0,3.51,1,30,6373,178212.7,0.0,-1,100.0
1785883022271,271,v1,0.01,0.2,0.1,2.0678,0.1,0.003,0.1908,0.001817,0.72,0,25,52.25,0.69,1,0,0.0,0.0,1,30,7099,199777.0,0.0,-1,100.0
1785883023644,272,v1,0.01,0.2,0.1,1.8413,0.1,0.003,0.2427,0.00202,0.72,0,4,37.64,0.718,1,3196,3.0,2.443,1,30,5775,155615.8,0.0,-1,100.0
1785883025193,273,v1,0.01,0.2,0.1,2.4206,0.1,0.003,0.1305,0.001462,0.72,0,15,60.95,0.809,1,3716,14.0,6.351,1,30,5932,167226.5,0.0,-1,100.0
1785883027297,274,v1,0.01,0.2,0.1,1.3119,0.1,0.003,0.0522,0.001588,0.72,0,23,67.6,0.309,1,0,1.801,1.801,1,30,6429,176932.0,100.0,25,99.38
1785883030002,275,v1,0.01,0.2,0.1,1.7208,0.1,0.003,0.1842,0.001313,0.72,0,19,65.79,0.814,1,2839,18.0,11.053,1,30,6704,184064.3,0.0,-1,100.0
1785883032493,276,v1,0.01,0.2,0.1,1.2487,0.1,0.003,0.2213,0.003539,0.72,0,28,53.31,0.457,1,0,19.754,19.754,1,30,7969,208126.6,100.0,19,98.9
1785883021279,277,v1,0.01,0.2,0.1,1.3174,0.1,0.003,0.2016,0.001548,0.72,0,36,75.15,0.335,1,0,0.0,0.0,1,30,6395,163754.1,100.0,27,100.0
1785883022571,278,v1,0.01,0.2,0.1,2.4295,0.1,0.003,0.1613,0.003545,0.72,0,29,75.6,0.781,1,0,0.0,0.0,1,30,5498,151995.7,0.0,-1,100.0
1785883023831,279,v1,0.01,0.2,0.1,0.8584,0.1,0.003,0.1822,0.002428,0.72,0,12,84.64,0.584,1,0,11.0,11.0,1,30,5792,160447.6,100.0,25,97.98
1785883025585,280,v1,0.01,0.2,0.1,2.3122,0.1,0.003,0.2094,0.00358,0.72,0,15,68.58,0.465,1,2046,14.0,10.056,1,30,6537,183207.4,0.0,-1,100.0
1785883027516,281,v1,0.01,0.2,0.1,1.5705,0.1,0.003,0.0554,0.00218,0.72,0,36,47.44,0.532,1,0,0.0,0.0,1,30,6353,172567.2,100.0,24,100.0
1785883030197,282,v1,0.01,0.2,0.1,1.197,0.1,0.003,0.072,0.001482,0.72,0,22,91.85,0.448,1,0,1.739,1.739,1,30,5790,162799.7,100.0,25,98.76
1785883032143,283,v1,0.01,0.2,0.1,1.3571,0.1,0.003,0.0511,0.002649,0.72,0,29,88.63,0.917,1,0,19.769,19.769,1,30,6005,162406.9,100.0,19,99.67
1785883021327,284,v1,0.01,0.2,0.1,1.547,0.1,0.003,0.1151,0.003381,0.72,0,18,60.41,0.711,1,3046,17.0,8.506,1,30,5671,159561.3,0.0,-1,100.0
1785883022898,285,v1,0.01,0.2,0.1,1.9616,0.1,0.003,0.1404,0.002413,0.72,0,24,74.68,0.421,1,0,0.0,0.0,1,30,6414,174790.7,0.0,-1,100.0
1785883024127,286,v1,0.01,0.2,0.1,1.3832,0.1,0.003,0.2419,0.003294,0.72,0,33,79.26,0.85,1,0,0.0,0.0,1,30,6601,177714.4,0.0,-1,100.0
1785883026021,287,v1,0.01,0.2,0.1,1.6158,0.1,0.003,0.089,0.003676,0.72,0,36,82.89,0.715,1,0,0.0,0.0,1,30,5988,168620.3,0.0,-1,100.0
1785883027776,288,v1,0.01,0.2,0.1,0.8538,0.1,0.003,0.1767,0.002241,0.72,0,20,49.13,0.599,1,2456,19.0,11.589,1,30,5855,155099.6,100.0,25,97.1
1785883030585,289,v1,0.01,0.2,0.1,1.4272,0.1,0.003,0.1566,0.002188,0.72,0,36,63.52,0.429,1,0,0.0,0.0,1,30,6169,168852.9,0.0,-1,100.0
1785883032385,290,v1,0.01,0.2,0.1,2.2366,0.1,0.003,0.1249,0.001557,0.72,0,24,22.44,0.637,1,0,0.0,0.0,1,30,6093,172600.9,0.0,-1,100.0
1785883022250,291,v1,0.01,0.2,0.1,1.7425,0.1,0.003,0.2257,0.002534,0.72,0,21,96.73,0.343,1,0,0.0,0.0,1,30,6330,168753.9,0.0,-1,100.0
1785883023812,292,v1,0.01,0.2,0.1,1.5399,0.1,0.003,0.1975,0.002669,0.72,0,28,63.63,0.702,1,0,19.56,19.56,1,30,6616,180195.2,100.0,25,100.0
1785883025293,293,v1,0.01,0.2,0.1,2.2827,0.1,0.003,0.0882,0.001502,0.72,0,13,95.88,0.31,1,0,12.0,12.0,1,30,5895,166564.9,0.0,-1,100.0
1785883027124,294,v1,0.01,0.2,0.1,1.5421,0.1,0.003,0.2213,0.002535,0.72,0,22,73.7,0.535,1,0,1.706,1.706,1,30,5976,160495.4,100.0,24,100.0
1785883029916,295,v1,0.01,0.2,0.1,0.8391,0.1,0.003,0.0786,0.002433,0.72,0,18,37.4,0.904,1,2525,17.0,10.153,1,30,5773,159101.5,0.0,-1,100.0
1785883031844,296,v1,0.01,0.2,0.1,1.2623,0.1,0.003,0.1703,0.001392,0.72,0,16,33.89,0.404,1,1619,15.0,11.332,1,30,5858,160627.3,100.0,26,99.95
1785883033773,297,v1,0.01,0.2,0.1,0.8016,0.1,0.003,0.2253,0.002243,0.72,0,13,79.3,0.609,1,1901,12.0,8.614,1,30,5782,152694.6,100.0,25,97.54
1785883022733,298,v1,0.01,0.2,0.1,2.1793,0.1,0.003,0.175,0.002058,0.72,0,4,31.68,0.702,1,3043,3.0,2.5,1,30,6124,166630.4,0.0,-1,100.0
1785883023984,299,v1,0.01,0.2,0.1,2.1039,0.1,0.003,0.0873,0.001772,0.72,0,26,39.72,0.848,1,0,0.0,0.0,1,30,6376,181186.4,0.0,-1,100.0
1785883025604,300,v1,0.01,0.2,0.1,0.9423,0.1,0.003,0.221,0.002314,0.72,0,33,94.25,0.589,1,0,19.191,19.191,1,30,5792,155107.2,100.0,24,96.93
1785883027430,301,v1,0.01,0.2,0.1,2.212,0.1,0.003,0.1728,0.00174,0.72,0,36,61.01,0.372,1,0,0.0,0.0,1,30,7041,192013.4,0.0,-1,100.0
1785883030224,302,v1,0.01,0.2,0.1,1.5468,0.1,0.003,0.1864,0.0014,0.72,0,32,92.07,0.925,1,0,19.0,19.0,1,30,6089,169839.5,100.0,23,100.0
1785883032309,303,v1,0.01,0.2,0.1,1.5015,0.1,0.003,0.216,0.00267,0.72,0,29,94.47,0.47,1,0,19.738,19.738,1,30,6730,178866.3,100.0,23,100.0
1785883034168,304,v1,0.01,0.2,0.1,2.2154,0.1,0.003,0.0868,0.001798,0.72,0,7,45.69,0.309,1,1230,6.0,5.13,1,30,5728,158167.0,0.0,-1,100.0
1785883023242,305,v1,0.01,0.2,0.1,1.4498,0.1,0.003,0.1785,0.003118,0.72,0,13,80.68,0.766,1,0,12.0,12.0,1,30,7366,184178.1,100.0,24,99.89
1785883024533,306,v1,0.01,0.2,0.1,2.0512,0.1,0.003,0.1944,0.00341,0.72,0,5,64.5,0.882,1,2632,4.0,3.115,1,30,6029,158444.0,100.0,26,100.0
1785883026696,307,v1,0.01,0.2,0.1,1.1797,0.1,0.003,0.0735,0.001716,0.72,0,18,97.23,0.594,1,0,17.0,17.0,1,30,6310,179797.2,0.0,-1,100.0
1785883028181,308,v1,0.01,0.2,0.1,2.009,0.1,0.003,0.17,0.003314,0.72,0,36,95.67,0.683,1,0,0.0,0.0,1,30,5396,156596.8,0.0,-1,100.0
1785883031280,309,v1,0.01,0.2,0.1,1.7097,0.1,0.003,0.1706,0.003409,0.72,0,6,68.58,0.929,1,0,5.0,5.0,1,30,6873,185866.4,100.0,25,100.0
1785883033247,310,v1,0.01,0.2,0.1,1.5959,0.1,0.003,0.1766,0.003523,0.72,0,18,76.97,0.405,1,0,17.0,17.0,1,30,6444,175970.5,100.0,26,100.0
1785883034838,311,v1,0.01,0.2,0.1,0.9348,0.1,0.003,0.188,0.002695,0.72,0,10,59.81,0.931,1,4295,9.0,3.932,1,30,6087,167893.2,100.0,25,99.24
1785883032687,312,v1,0.01,0.2,0.1,0.9279,0.1,0.003,0.1776,0.002329,0.72,0,27,36.9,0.445,1,0,19.846,19.846,1,30,6065,169717.5,100.0,24,96.87
1785883034734,313,v1,0.01,0.2,0.1,1.2724,0.1,0.003,0.1368,0.002552,0.72,0,26,67.55,0.463,1,0,0.0,0.0,1,30,6904,190823.5,0.0,-1,100.0
1785883037044,314,v1,0.01,0.2,0.1,1.5044,0.1,0.003,0.098,0.002251,0.72,0,13,53.79,0.441,1,1909,12.0,8.982,1,30,6495,180279.4,100.0,26,100.0
1785883039985,315,v1,0.01,0.2,0.1,1.9144,0.1,0.003,0.0931,0.001232,0.72,0,12,53.22,0.646,1,2767,11.0,6.804,1,30,6019,172158.9,0.0,-1,100.0
1785883042803,316,v1,0.01,0.2,0.1,1.5044,0.1,0.003,0.2472,0.003724,0.72,0,24,96.01,0.55,1,0,0.0,0.0,1,30,6381,177662.1,0.0,-1,100.0
1785883044866,317,v1,0.01,0.2,0.1,1.785,0.1,0.003,0.0742,0.003657,0.72,0,20,68.99,0.745,1,2572,19.0,11.192,1,30,5997,169732.9,0.0,-1,100.0
1785883046649,318,v1,0.01,0.2,0.1,1.9627,0.1,0.003,0.1709,0.003036,0.72,0,4,73.9,0.942,1,3846,3.0,2.336,1,30,5829,156900.6,0.0,-1,100.0
1785883033465,319,v1,0.01,0.2,0.1,1.5714,0.1,0.003,0.0887,0.002326,0.72,0,27,94.87,0.79,1,0,0.0,0.0,1,30,5676,157552.9,0.0,-1,100.0
1785883034941,320,v1,0.01,0.2,0.1,2.0715,0.1,0.003,0.1549,0.003268,0.72,0,30,98.19,0.533,1,0,0.0,0.0,1,30,6667,183654.6,0.0,-1,100.0
1785883037724,321,v1,0.01,0.2,0.1,2.1397,0.1,0.003,0.0789,0.001309,0.72,0,24,58.59,0.907,1,0,0.0,0.0,1,30,7229,198025.8,0.0,-1,100.0
1785883040960,322,v1,0.01,0.2,0.1,2.0272,0.1,0.003,0.0948,0.001894,0.72,0,4,87.38,0.817,1,0,3.0,3.0,1,30,6720,182151.0,0.0,-1,100.0
1785883043784,323,v1,0.01,0.2,0.1,0.8032,0.1,0.003,0.2025,0.001616,0.72,0,30,69.5,0.628,1,0,20.198,20.198,1,30,6174,176814.8,100.0,25,95.82
1785883045209,324,v1,0.01,0.2,0.1,1.0102,0.1,0.003,0.058,0.001476,0.72,0,34,21.0,0.609,1,2,19.118,17.118,1,30,6045,174618.2,100.0,25,99.72
1785883047164,325,v1,0.01,0.2,0.1,2.2366,0.1,0.003,0.0735,0.00261,0.72,0,18,41.78,0.391,1,1620,17.0,12.826,1,30,6089,167775.9,0.0,-1,100.0
1785883034964,326,v1,0.01,0.2,0.1,2.1013,0.1,0.003,0.0576,0.002882,0.72,0,21,51.69,0.986,1,0,0.0,0.0,1,30,5760,159951.6,0.0,-1,100.0
1785883037428,327,v1,0.01,0.2,0.1,2.1164,0.1,0.003,0.0592,0.00332,0.72,0,24,42.09,0.495,1,0,0.0,0.0,1,30,6486,180804.9,0.0,-1,100.0
1785883040111,328,v1,0.01,0.2,0.1,1.8486,0.1,0.003,0.2423,0.002797,0.72,0,11,53.45,0.868,1,2949,10.0,5.835,1,30,5815,160989.0,0.0,-1,100.0
1785883042855,329,v1,0.01,0.2,0.1,1.5245,0.1,0.003,0.0997,0.003196,0.72,0,26,61.69,0.667,1,0,0.0,0.0,1,30,5957,164452.7,0.0,-1,100.0
1785883044799,330,v1,0.01,0.2,0.1,2.4306,0.1,0.003,0.2007,0.003739,0.72,0,15,67.45,0.571,1,1773,14.0,10.265,1,30,5965,171368.9,0.0,-1,100.0
1785883046512,331,v1,0.01,0.2,0.1,1.7216,0.1,0.003,0.113,0.001815,0.72,0,36,57.78,0.84,1,0,0.0,0.0,1,30,5955,165107.5,100.0,25,100.0
1785883048107,332,v1,0.01,0.2,0.1,1.6164,0.1,0.003,0.1192,0.003122,0.72,0,10,60.93,0.792,1,3348,9.0,5.262,1,30,6454,176285.2,0.0,-1,100.0
1785883036279,333,v1,0.01,0.2,0.1,2.4837,0.1,0.003,0.0631,0.002893,0.72,0,24,47.22,0.484,1,0,0.0,0.0,1,30,6643,181241.8,0.0,-1,100.0
1785883039389,334,v1,0.01,0.2,0.1,2.1296,0.1,0.003,0.0794,0.002461,0.72,0,5,26.02,0.374,1,2040,4.0,3.404,1,30,6933,183855.9,0.0,-1,100.0
1785883042183,335,v1,0.01,0.2,0.1,1.598,0.1,0.003,0.127,0.002014,0.72,0,9,47.02,0.902,1,3315,8.0,4.519,1,30,5780,161898.7,100.0,26,100.0
1785883044730,336,v1,0.01,0.2,0.1,0.9967,0.1,0.003,0.1338,0.00213,0.72,0,12,88.4,0.979,1,0,11.0,11.0,1,30,6304,173822.1,100.0,25,98.35
1785883046297,337,v1,0.01,0.2,0.1,1.2052,0.1,0.003,0.1297,0.003307,0.72,0,5,58.28,0.629,1,2138,4.0,3.235,1,30,5664,160817.3,0.0,-1,100.0
1785883047928,338,v1,0.01,0.2,0.1,1.2269,0.1,0.003,0.1092,0.003373,0.72,0,35,68.08,0.723,1,0,19.13,19.13,1,30,6453,177052.8,100.0,19,98.82
1785883049716,339,v1,0.01,0.2,0.1,1.6829,0.1,0.003,0.2492,0.002675,0.72,0,29,55.48,0.978,1,0,0.0,0.0,1,30,6060,157954.1,0.0,-1,100.0
1785883037525,340,v1,0.01,0.2,0.1,1.7114,0.1,0.003,0.0764,0.003153,0.72,0,17,80.46,0.902,1,3113,16.0,8.702,1,30,6284,176599.5,0.0,-1,100.0
1785883040783,341,v1,0.01,0.2,0.1,0.943,0.1,0.003,0.0832,0.001266,0.72,0,19,54.72,0.449,1,2221,18.0,12.413,1,30,6514,188331.2,100.0,25,99.68
1785883043748,342,v1,0.01,0.2,0.1,1.5778,0.1,0.003,0.1094,0.002231,0.72,0,9,58.87,0.889,1,3219,8.0,4.795,1,30,6133,171708.2,0.0,-1,100.0
1785883045086,343,v1,0.01,0.2,0.1,2.162,0.1,0.003,0.1135,0.001271,0.72,0,17,20.35,0.669,1,1982,16.0,10.868,1,30,5520,153480.9,0.0,-1,100.0
1785883046877,344,v1,0.01,0.2,0.1,0.9971,0.1,0.003,0.1242,0.001549,0.72,0,32,98.69,0.383,1,0,19.704,19.704,1,30,5912,167516.1,100.0,25,99.81
1785883048209,345,v1,0.01,0.2,0.1,1.7758,0.1,0.003,0.1307,0.001766,0.72,0,8,63.96,0.762,1,2692,7.0,4.667,1,30,5847,161934.2,0.0,-1,100.0
1785883050375,346,v1,0.01,0.2,0.1,2.0422,0.1,0.003,0.1269,0.00122,0.72,0,29,38.81,0.51,1,0,0.0,0.0,1,30,7050,189908.4,0.0,-1,100.0
1785883037944,347,v1,0.01,0.2,0.1,1.5888,0.1,0.003,0.2348,0.003244,0.72,0,10,86.02,0.973,1,0,9.0,9.0,1,30,6128,171866.9,100.0,25,100.0
1785883040876,348,v1,0.01,0.2,0.1,1.9946,0.1,0.003,0.1636,0.001472,0.72,0,8,25.05,0.597,1,1731,7.0,5.339,1,30,5269,148265.1,0.0,-1,100.0
1785883043706,349,v1,0.01,0.2,0.1,1.8837,0.1,0.003,0.2357,0.002017,0.72,0,31,62.53,0.624,1,0,19.0,19.0,1,30,6095,162965.8,100.0,25,100.0
1785883045150,350,v1,0.01,0.2,0.1,2.2043,0.1,0.003,0.0726,0.003224,0.72,0,14,67.87,0.479,1,2133,13.0,8.969,1,30,6102,164070.9,0.0,-1,100.0
1785883047456,351,v1,0.01,0.2,0.1,1.7623,0.1,0.003,0.0876,0.00193,0.72,0,16,68.12,0.492,1,2723,15.0,10.025,1,30,7322,201231.8,0.0,-1,100.0
1785883049218,352,v1,0.01,0.2,0.1,1.7351,0.1,0.003,0.0936,0.001296,0.72,0,36,39.81,0.592,1,0,0.0,0.0,1,30,6171,177680.6,0.0,-1,100.0
1785883051013,353,v1,0.01,0.2,0.1,1.6492,0.1,0.003,0.1895,0.001837,0.72,0,20,78.76,0.453,1,0,19.0,19.0,1,30,6713,190031.5,0.0,-1,100.0
1785883043394,354,v1,0.01,0.2,0.1,1.4526,0.1,0.003,0.133,0.003685,0.72,0,13,25.06,0.668,1,3291,12.0,7.201,1,30,7163,183027.0,0.0,-1,100.0
1785883045169,355,v1,0.01,0.2,0.1,1.1759,0.1,0.003,0.1337,0.003598,0.72,0,23,75.51,0.906,1,0,0.0,0.0,1,30,6707,182743.4,0.0,-1,100.0
1785883046947,356,v1,0.01,0.2,0.1,2.317,0.1,0.003,0.2048,0.003662,0.72,0,19,31.9,0.553,1,2186,18.0,11.554,1,30,5787,160395.4,0.0,-1,100.0
1785883048737,357,v1,0.01,0.2,0.1,1.3763,0.1,0.003,0.1004,0.001316,0.72,0,6,21.25,0.375,1,1513,5.0,4.279,1,30,6330,167430.1,100.0,25,99.62
1785883050455,358,v1,0.01,0.2,0.1,2.485,0.1,0.003,0.1361,0.002999,0.72,0,27,67.53,0.951,1,0,0.0,0.0,1,30,6041,167260.2,0.0,-1,100.0
1785883051747,359,v1,0.01,0.2,0.1,1.8676,0.1,0.003,0.1517,0.001383,0.72,0,32,84.81,0.664,1,0,0.0,0.0,1,30,5807,162715.7,0.0,-1,100.0
1785883053167,360,v1,0.01,0.2,0.1,1.2665,0.1,0.003,0.1528,0.003106,0.72,0,6,43.31,0.76,1,3159,5.0,3.219,1,30,5409,139740.3,0.0,-1,100.0
1785883044053,361,v1,0.01,0.2,0.1,1.0117,0.1,0.003,0.2467,0.001367,0.72,0,33,95.72,0.344,1,0,19.144,19.144,1,30,6251,166292.3,100.0,19,96.7
1785883045595,362,v1,0.01,0.2,0.1,2.1101,0.1,0.003,0.1083,0.003765,0.72,0,33,68.24,0.981,1,0,0.0,0.0,1,30,6453,171555.0,0.0,-1,100.0
1785883047921,363,v1,0.01,0.2,0.1,1.553,0.1,0.003,0.2454,0.003211,0.72,0,22,42.02,0.888,1,0,0.0,0.0,1,30,7061,192321.6,0.0,-1,100.0
1785883049665,364,v1,0.01,0.2,0.1,2.3319,0.1,0.003,0.1029,0.003358,0.72,0,24,92.45,0.378,1,0,0.0,0.0,1,30,6085,172715.6,0.0,-1,100.0
1785883051179,365,v1,0.01,0.2,0.1,1.6362,0.1,0.003,0.1742,0.002584,0.72,0,18,35.6,0.605,1,2333,17.0,10.869,1,30,5962,162886.6,100.0,25,100.0
1785883052741,366,v1,0.01,0.2,0.1,0.8739,0.1,0.003,0.2213,0.003748,0.72,0,30,65.07,0.703,1,0,20.083,20.083,1,30,6083,162683.6,100.0,19,96.63
1785883053956,367,v1,0.01,0.2,0.1,1.7273,0.1,0.003,0.1805,0.001791,0.72,0,20,39.7,0.616,1,2119,19.0,13.15,1,30,6399,181716.7,0.0,-1,100.0
1785883049519,368,v1,0.01,0.2,0.1,1.2724,0.1,0.003,0.1761,0.001711,0.72,0,15,84.68,0.386,1,0,14.0,14.0,1,30,5803,166957.6,0.0,-1,100.0
1785883051077,369,v1,0.01,0.2,0.1,2.2278,0.1,0.003,0.0797,0.002098,0.72,0,17,94.6,0.841,1,0,16.0,16.0,1,30,6499,181715.3,0.0,-1,100.0
1785883052450,370,v1,0.01,0.2,0.1,1.4603,0.1,0.003,0.1737,0.002461,0.72,0,9,25.92,0.559,1,1864,8.0,6.031,1,30,5786,149521.8,100.0,26,99.93
1785883053755,371,v1,0.01,0.2,0.1,2.4849,0.1,0.003,0.1929,0.002474,0.72,0,34,61.14,0.597,1,0,0.0,0.0,1,30,6264,173248.8,0.0,-1,100.0
1785883055096,372,v1,0.01,0.2,0.1,2.2857,0.1,0.003,0.1886,0.003196,0.72,0,7,88.66,0.557,1,0,6.0,6.0,1,30,5797,166733.7,0.0,-1,100.0
1785883056206,373,v1,0.01,0.2,0.1,1.7193,0.1,0.003,0.1838,0.003111,0.72,0,21,41.3,0.867,1,0,0.0,0.0,1,30,5977,166863.7,0.0,-1,100.0
1785883057160,374,v1,0.01,0.2,0.1,0.9965,0.1,0.003,0.176,0.002638,0.72,0,18,40.63,0.846,1,2565,17.0,9.567,1,30,5419,156048.6,0.0,-1,100.0
1785883050286,375,v1,0.01,0.2,0.1,1.3644,0.1,0.003,0.202,0.002059,0.72,0,14,54.01,0.779,1,2608,13.0,8.487,1,30,6540,179820.8,0.0,-1,100.0
1785883051550,376,v1,0.01,0.2,0.1,1.3471,0.1,0.003,0.1638,0.001703,0.72,0,12,69.11,0.334,1,1334,11.0,8.842,1,30,5670,156739.1,0.0,-1,100.0
1785883053029,377,v1,0.01,0.2,0.1,1.7304,0.1,0.003,0.2286,0.003601,0.72,0,29,44.86,0.752,1,0,0.0,0.0,1,30,5717,158423.3,0.0,-1,100.0
1785883054321,378,v1,0.01,0.2,0.1,1.0269,0.1,0.003,0.2494,0.003247,0.72,0,6,71.73,0.398,1,0,5.0,5.0,1,30,6900,180566.9,100.0,19,98.16
1785883056098,379,v1,0.01,0.2,0.1,1.1375,0.1,0.003,0.083,0.002156,0.72,0,8,88.19,0.528,1,0,7.0,7.0,1,30,7877,192085.9,100.0,26,99.58
1785883057188,380,v1,0.01,0.2,0.1,0.9841,0.1,0.003,0.2442,0.003237,0.72,0,5,26.63,0.728,1,3503,4.0,2.856,1,30,6202,171520.3,100.0,25,99.85
1785883058148,381,v1,0.01,0.2,0.1,1.3297,0.1,0.003,0.1099,0.003721,0.72,0,19,52.88,0.706,1,2189,18.0,12.28,1,30,6541,184005.6,100.0,25,99.82
1785883050818,382,v1,0.01,0.2,0.1,2.3693,0.1,0.003,0.2068,0.00221,0.72,0,13,86.15,0.379,1,0,12.0,12.0,1,30,6261,165102.6,0.0,-1,100.0
1785883052092,383,v1,0.01,0.2,0.1,1.9628,0.1,0.003,0.0689,0.003754,0.72,0,36,36.63,0.825,1,0,0.0,0.0,1,30,5856,156418.6,100.0,25,100.0
1785883053607,384,v1,0.01,0.2,0.1,0.9683,0.1,0.003,0.0578,0.002973,0.72,0,24,46.7,0.549,1,0,3.532,3.532,1,30,6279,172250.9,100.0,24,97.2
1785883054881,385,v1,0.01,0.2,0.1,1.0048,0.1,0.003,0.214,0.001883,0.72,0,24,24.92,0.494,1,1,0.187,0.183,1,30,5946,168556.8,100.0,26,99.8
1785883055945,386,v1,0.01,0.2,0.1,2.3211,0.1,0.003,0.0789,0.003677,0.72,0,15,55.56,0.496,1,1456,14.0,10.386,1,30,5107,131357.2,0.0,-1,100.0
1785883056953,387,v1,0.01,0.2,0.1,0.9892,0.1,0.003,0.0583,0.001379,0.72,0,20,85.89,0.467,1,0,19.0,19.0,1,30,6045,169558.3,100.0,19,97.32
1785883057987,388,v1,0.01,0.2,0.1,1.0294,0.1,0.003,0.1688,0.002269,0.72,0,13,44.44,0.997,1,3128,12.0,6.586,1,30,5952,165235.5,0.0,-1,100.0
1785883051783,389,v1,0.01,0.2,0.1,1.5729,0.1,0.003,0.1271,0.00376,0.72,0,22,56.13,0.633,1,0,3.709,3.709,1,30,6426,168037.5,100.0,23,100.0
1785883053430,390,v1,0.01,0.2,0.1,1.5207,0.1,0.003,0.2061,0.002298,0.72,0,17,20.1,0.796,1,2743,16.0,9.857,1,30,6505,185539.4,0.0,-1,100.0
1785883054727,391,v1,0.01,0.2,0.1,1.5834,0.1,0.003,0.1983,0.001595,0.72,0,7,57.94,0.863,1,4056,6.0,3.551,1,30,6683,186708.5,0.0,-1,100.0
1785883056132,392,v1,0.01,0.2,0.1,1.5937,0.1,0.003,0.0876,0.001973,0.72,0,30,36.09,0.752,1,0,19.5,19.5,1,30,6542,188370.7,100.0,26,100.0
1785883057321,393,v1,0.01,0.2,0.1,1.2173,0.1,0.003,0.0758,0.002268,0.72,0,4,49.62,0.432,1,1843,3.0,2.725,1,30,6742,176900.3,100.0,25,99.66
1785883058179,394,v1,0.01,0.2,0.1,2.4521,0.1,0.003,0.2321,0.002348,0.72,0,25,36.7,0.568,1,0,0.0,0.0,1,30,6122,172477.8,0.0,-1,100.0
1785883058820,395,v1,0.01,0.2,0.1,2.2558,0.1,0.003,0.1921,0.003642,0.72,0,18,65.32,0.51,1,1702,17.0,12.872,1,30,6585,184280.1,0.0,-1,100.0
1785883052781,396,v1,0.01,0.2,0.1,2.1461,0.1,0.003,0.1955,0.003052,0.72,0,31,90.78,0.652,1,0,0.0,0.0,1,30,6701,190337.9,0.0,-1,100.0
1785883053937,397,v1,0.01,0.2,0.1,1.9665,0.1,0.003,0.2498,0.003285,0.72,0,24,87.14,0.494,1,0,0.0,0.0,1,30,6427,183078.2,0.0,-1,100.0
1785883055402,398,v1,0.01,0.2,0.1,1.9653,0.1,0.003,0.1535,0.003334,0.72,0,31,58.64,0.747,1,0,0.0,0.0,1,30,6106,169996.1,0.0,-1,100.0
1785883056392,399,v1,0.01,0.2,0.1,2.3838,0.1,0.003,0.2298,0.001736,0.72,0,17,98.64,0.854,1,0,16.0,16.0,1,30,5762,153519.4,0.0,-1,100.0
1785883067479,400,v1,0.01,0.2,0.1,1.8867,0.1,0.003,0.2381,0.002195,0.72,0,8,66.69,0.389,1,2184,7.0,5.616,1,30,8003,213678.3,0.0,-1,100.0
1785883069536,401,v1,0.01,0.2,0.1,2.1657,0.1,0.003,0.2173,0.002762,0.72,0,32,48.73,0.383,1,0,0.0,0.0,1,30,6567,182264.2,0.0,-1,100.0
1785883071939,402,v1,0.01,0.2,0.1,1.5137,0.1,0.003,0.1208,0.002262,0.72,0,18,32.77,0.483,1,1761,17.0,12.416,1,30,5982,161998.5,100.0,25,100.0
1785883073862,403,v1,0.01,0.2,0.1,2.4969,0.1,0.003,0.0626,0.003656,0.72,0,14,90.47,0.911,1,0,13.0,13.0,1,30,6058,164118.5,0.0,-1,100.0
1785883068042,404,v1,0.01,0.2,0.1,0.8121,0.1,0.003,0.1436,0.002101,0.72,0,18,87.34,0.424,1,0,17.0,17.0,1,30,5823,166919.6,100.0,25,99.5
1785883069942,405,v1,0.01,0.2,0.1,1.3664,0.1,0.003,0.1019,0.002999,0.72,0,27,89.1,0.641,1,0,0.0,0.0,1,30,5969,162267.1,0.0,-1,100.0
1785883072158,406,v1,0.01,0.2,0.1,1.8124,0.1,0.003,0.1055,0.001701,0.72,0,35,68.29,0.67,1,0,0.0,0.0,1,30,5912,166851.5,0.0,-1,100.0
1785883074217,407,v1,0.01,0.2,0.1,2.3651,0.1,0.003,0.2152,0.00376,0.72,0,21,99.66,0.517,1,0,0.0,0.0,1,30,6949,188441.2,0.0,-1,100.0
1785883069068,408,v1,0.01,0.2,0.1,2.0164,0.1,0.003,0.2068,0.002529,0.72,0,14,55.61,0.955,1,4248,13.0,5.718,1,30,6645,176921.5,100.0,25,100.0
1785883071887,409,v1,0.01,0.2,0.1,1.2929,0.1,0.003,0.1221,0.002744,0.72,0,18,54.07,0.983,1,4755,17.0,7.114,1,30,7587,203062.0,0.0,-1,100.0
1785883073699,410,v1,0.01,0.2,0.1,2.1755,0.1,0.003,0.2007,0.003162,0.72,0,19,29.27,0.783,1,3119,18.0,8.873,1,30,5785,162484.9,0.0,-1,100.0
1785883075419,411,v1,0.01,0.2,0.1,2.0604,0.1,0.003,0.1984,0.003497,0.72,0,20,57.66,0.455,1,1810,19.0,13.707,1,30,6204,171246.6,0.0,-1,100.0
1785883069234,412,v1,0.01,0.2,0.1,0.8352,0.1,0.003,0.2217,0.003098,0.72,0,23,33.96,0.954,1,0,4.982,4.982,1,30,5387,146785.6,100.0,19,96.84
1785883071576,413,v1,0.01,0.2,0.1,2.0399,0.1,0.003,0.1903,0.001367,0.72,0,10,55.11,0.315,1,1309,9.0,7.445,1,30,5974,162419.7,100.0,25,100.0
1785883073597,414,v1,0.01,0.2,0.1,2.168,0.1,0.003,0.134,0.002929,0.72,0,16,97.06,0.563,1,0,15.0,15.0,1,30,6791,195550.8,0.0,-1,100.0
1785883075776,415,v1,0.01,0.2,0.1,1.9619,0.1,0.003,0.1123,0.002407,0.72,0,21,78.12,0.99,1,0,0.053,0.053,1,30,7533,196517.8,100.0,26,100.0
1785883070984,416,v1,0.01,0.2,0.1,1.5504,0.1,0.003,0.1469,0.001866,0.72,0,14,75.96,0.415,1,0,13.0,13.0,1,30,6641,190957.8,0.0,-1,100.0
1785883072980,417,v1,0.01,0.2,0.1,1.465,0.1,0.003,0.1073,0.002886,0.72,0,23,74.97,0.362,1,0,0.0,0.0,1,30,6123,164701.6,0.0,-1,100.0
1785883074863,418,v1,0.01,0.2,0.1,2.2059,0.1,0.003,0.2027,0.002277,0.72,0,23,95.31,0.86,1,0,0.0,0.0,1,30,6172,179303.7,0.0,-1,100.0
1785883076396,419,v1,0.01,0.2,0.1,1.1029,0.1,0.003,0.105,0.002271,0.72,0,24,90.83,0.892,1,0,0.275,0.275,1,30,5643,160428.0,100.0,25,99.88
1785883071714,420,v1,0.01,0.2,0.1,2.1547,0.1,0.003,0.1685,0.002977,0.72,0,19,57.36,0.77,1,2446,18.0,10.966,1,30,5832,147107.0,0.0,-1,100.0
1785883073574,421,v1,0.01,0.2,0.1,0.9642,0.1,0.003,0.187,0.003383,0.72,0,10,87.61,0.61,1,0,9.0,9.0,1,30,6028,171649.9,100.0,24,97.98
1785883075171,422,v1,0.01,0.2,0.1,1.6212,0.1,0.003,0.0684,0.003738,0.72,0,10,79.15,0.922,1,0,9.0,9.0,1,30,6193,169694.7,100.0,25,100.0
1785883076727,423,v1,0.01,0.2,0.1,1.8049,0.1,0.003,0.2195,0.003679,0.72,0,26,29.34,0.734,1,0,0.0,0.0,1,30,6229,165085.1,0.0,-1,100.0
1785883072945,424,v1,0.01,0.2,0.1,1.793,0.1,0.003,0.1962,0.002542,0.72,0,36,35.9,0.389,1,0,0.0,0.0,1,30,6656,178956.8,0.0,-1,100.0
1785883074677,425,v1,0.01,0.2,0.1,1.257,0.1,0.003,0.2265,0.001764,0.72,0,14,87.91,0.727,1,2471,13.0,8.048,1,30,5602,153371.3,100.0,26,99.63
1785883076482,426,v1,0.01,0.2,0.1,0.9141,0.1,0.003,0.2106,0.001214,0.72,0,28,51.38,0.609,1,0,20.023,20.023,1,30,6486,178650.7,100.0,24,96.95
1785883078809,427,v1,0.01,0.2,0.1,1.6567,0.1,0.003,0.1216,0.001654,0.72,0,9,25.43,0.442,1,2432,8.0,5.943,1,30,7201,193281.0,0.0,-1,100.0
1785883073423,428,v1,0.01,0.2,0.1,1.9144,0.1,0.003,0.1062,0.001324,0.72,0,30,89.6,0.313,1,0,19.214,19.214,1,30,7039,194046.7,100.0,26,100.0
1785883075068,429,v1,0.01,0.2,0.1,2.1966,0.1,0.003,0.0703,0.002511,0.72,0,12,42.15,0.915,1,3522,11.0,5.329,1,30,5746,160185.3,0.0,-1,100.0
1785883076710,430,v1,0.01,0.2,0.1,1.6084,0.1,0.003,0.2106,0.00174,0.72,0,7,78.76,0.879,1,0,6.0,6.0,1,30,6416,176905.5,0.0,-1,100.0
1785883078735,431,v1,0.01,0.2,0.1,0.8434,0.1,0.003,0.2376,0.002522,0.72,0,32,54.77,0.704,1,0,19.694,19.694,1,30,5840,158979.0,100.0,19,95.84
1785883076399,432,v1,0.01,0.2,0.1,1.9798,0.1,0.003,0.2058,0.002188,0.72,0,34,50.19,0.434,1,0,0.0,0.0,1,30,6149,171312.9,0.0,-1,100.0
1785883078105,433,v1,0.01,0.2,0.1,1.9039,0.1,0.003,0.0612,0.00152,0.72,0,33,20.98,0.844,1,0,0.0,0.0,1,30,5699,160381.5,0.0,-1,100.0
1785883080546,434,v1,0.01,0.2,0.1,2.2454,0.1,0.003,0.092,0.001675,0.72,0,9,20.17,0.742,1,3256,8.0,4.787,1,30,6160,174819.5,0.0,-1,100.0
1785883082265,435,v1,0.01,0.2,0.1,1.6341,0.1,0.003,0.177,0.002918,0.72,0,26,96.86,0.352,1,0,0.0,0.0,1,30,6924,187083.8,0.0,-1,100.0
1785883077431,436,v1,0.01,0.2,0.1,2.304,0.1,0.003,0.1959,0.001807,0.72,0,16,40.24,0.691,1,2737,15.0,9.096,1,30,6190,168956.2,0.0,-1,100.0
1785883079552,437,v1,0.01,0.2,0.1,1.288,0.1,0.003,0.2385,0.002359,0.72,0,29,93.13,0.392,1,0,20.2,20.2,1,30,6006,167519.9,100.0,26,100.0
1785883081671,438,v1,0.01,0.2,0.1,2.277,0.1,0.003,0.0616,0.002511,0.72,0,16,20.26,0.866,1,4557,15.0,6.444,1,30,7177,187443.4,0.0,-1,100.0
1785883083442,439,v1,0.01,0.2,0.1,1.4725,0.1,0.003,0.1431,0.002385,0.72,0,13,27.11,0.939,1,3043,12.0,6.964,1,30,6210,172652.1,100.0,25,99.98
1785883078245,440,v1,0.01,0.2,0.1,1.968,0.1,0.003,0.116,0.00146,0.72,0,21,96.77,0.342,1,0,0.0,0.0,1,30,6239,168580.7,0.0,-1,100.0
1785883080549,441,v1,0.01,0.2,0.1,1.1813,0.1,0.003,0.111,0.001265,0.72,0,23,34.83,0.419,1,0,1.294,1.294,1,30,6674,184753.8,100.0,25,98.85
1785883082152,442,v1,0.01,0.2,0.1,1.0893,0.1,0.003,0.1861,0.003716,0.72,0,11,82.71,0.544,1,1784,10.0,7.515,1,30,5974,169395.9,0.0,-1,100.0
1785883084512,443,v1,0.01,0.2,0.1,1.2332,0.1,0.003,0.1105,0.003482,0.72,0,14,64.73,0.719,1,3080,13.0,7.283,1,30,6193,171874.4,100.0,26,100.0
1785883079811,444,v1,0.01,0.2,0.1,0.9318,0.1,0.003,0.1297,0.001246,0.72,0,7,58.43,0.929,1,3999,6.0,3.396,1,30,6184,175761.4,100.0,26,99.22
1785883081533,445,v1,0.01,0.2,0.1,1.6578,0.1,0.003,0.2492,0.001214,0.72,0,19,53.01,0.705,1,2063,18.0,12.324,1,30,5944,163237.0,0.0,-1,100.0
1785883082968,446,v1,0.01,0.2,0.1,2.0891,0.1,0.003,0.2406,0.0019,0.72,0,34,60.83,0.962,1,0,0.0,0.0,1,30,6365,177251.3,0.0,-1,100.0
1785883085523,447,v1,0.01,0.2,0.1,0.8617,0.1,0.003,0.092,0.003579,0.72,0,24,26.15,0.797,1,0,1.289,1.289,1,30,6429,173419.5,100.0,25,97.9
1785883080035,448,v1,0.01,0.2,0.1,1.3553,0.1,0.003,0.1762,0.002648,0.72,0,14,89.94,0.632,1,0,13.0,13.0,1,30,5766,154351.0,100.0,25,99.58
1785883081734,449,v1,0.01,0.2,0.1,1.4737,0.1,0.003,0.1857,0.001385,0.72,0,18,84.48,0.863,1,0,17.0,17.0,1,30,6048,170541.5,100.0,25,99.97
1785883083646,450,v1,0.01,0.2,0.1,1.1213,0.1,0.003,0.1431,0.001785,0.72,0,30,83.06,0.718,1,0,0.0,0.0,1,30,5996,175141.3,0.0,-1,100.0
1785883086264,451,v1,0.01,0.2,0.1,1.1292,0.1,0.003,0.117,0.002176,0.72,0,18,34.57,0.963,1,4717,17.0,5.95,1,30,6646,182139.7,0.0,-1,100.0
1785883080982,452,v1,0.01,0.2,0.1,1.5417,0.1,0.003,0.2389,0.003175,0.72,0,35,96.39,0.755,1,0,0.0,0.0,1,30,6568,174898.1,0.0,-1,100.0
1785883082507,453,v1,0.01,0.2,0.1,1.5895,0.1,0.003,0.0787,0.003318,0.72,0,14,52.96,0.855,1,3607,13.0,6.742,1,30,6623,180402.0,100.0,25,100.0
1785883084943,454,v1,0.01,0.2,0.1,2.2993,0.1,0.003,0.192,0.001582,0.72,0,26,57.47,0.314,1,0,0.0,0.0,1,30,5903,169321.9,0.0,-1,100.0
1785883086991,455,v1,0.01,0.2,0.1,1.5411,0.1,0.003,0.1066,0.003408,0.72,0,13,54.27,0.932,1,3824,12.0,5.128,1,30,5803,166444.8,0.0,-1,100.0
1785883081960,456,v1,0.01,0.2,0.1,2.3956,0.1,0.003,0.1818,0.0017,0.72,0,26,43.64,0.582,1,0,0.0,0.0,1,30,6828,174777.5,0.0,-1,100.0
1785883084197,457,v1,0.01,0.2,0.1,1.0145,0.1,0.003,0.2198,0.002252,0.72,0,24,82.93,0.94,1,0,0.221,0.221,1,30,6055,167861.1,100.0,25,99.82
1785883086248,458,v1,0.01,0.2,0.1,0.8482,0.1,0.003,0.1155,0.001911,0.72,0,25,89.08,0.414,1,0,7.628,7.628,1,30,5980,166874.2,100.0,19,94.92
1785883088670,459,v1,0.01,0.2,0.1,2.4653,0.1,0.003,0.2128,0.002598,0.72,0,33,66.58,0.515,1,0,0.0,0.0,1,30,6630,180381.7,0.0,-1,100.0
1785883082547,460,v1,0.01,0.2,0.1,1.7176,0.1,0.003,0.0709,0.002461,0.72,0,8,53.2,0.682,1,3162,7.0,4.699,1,30,6981,185944.0,0.0,-1,100.0
1785883084940,461,v1,0.01,0.2,0.1,1.7144,0.1,0.003,0.1977,0.00351,0.72,0,28,60.56,0.958,1,0,0.0,0.0,1,30,5876,164579.5,0.0,-1,100.0
1785883087137,462,v1,0.01,0.2,0.1,1.1478,0.1,0.003,0.1177,0.00124,0.72,0,32,81.54,0.457,1,0,19.276,19.276,1,30,6587,183209.4,100.0,19,98.01
1785883089439,463,v1,0.01,0.2,0.1,1.7903,0.1,0.003,0.2222,0.002947,0.72,0,12,71.6,0.411,1,1533,11.0,8.667,1,30,6121,166244.1,0.0,-1,100.0
1785883085770,464,v1,0.01,0.2,0.1,2.2994,0.1,0.003,0.2377,0.002942,0.72,0,25,92.4,0.411,1,0,0.0,0.0,1,30,6148,170450.5,0.0,-1,100.0
1785883087746,465,v1,0.01,0.2,0.1,1.4667,0.1,0.003,0.2381,0.001506,0.72,0,17,68.72,0.306,1,1324,16.0,12.933,1,30,6207,175391.0,0.0,-1,100.0
1785883089807,466,v1,0.01,0.2,0.1,1.607,0.1,0.003,0.1041,0.003171,0.72,0,14,31.44,0.759,1,2459,13.0,8.519,1,30,6262,169951.0,100.0,24,100.0
1785883092709,467,v1,0.01,0.2,0.1,1.9783,0.1,0.003,0.1591,0.003303,0.72,0,18,91.37,0.98,1,0,17.0,17.0,1,30,6445,179588.9,0.0,-1,100.0
1785883086735,468,v1,0.01,0.2,0.1,2.2691,0.1,0.003,0.0916,0.001937,0.72,0,27,96.89,0.411,1,0,0.0,0.0,1,30,6685,185299.7,0.0,-1,100.0
1785883089312,469,v1,0.01,0.2,0.1,1.9594,0.1,0.003,0.189,0.001762,0.72,0,16,56.16,0.901,1,3973,15.0,7.496,1,30,7074,188303.2,0.0,-1,100.0
1785883091819,470,v1,0.01,0.2,0.1,0.9479,0.1,0.003,0.1378,0.002253,0.72,0,21,57.33,0.847,1,0,4.752,4.752,1,30,6073,167438.0,100.0,19,96.38
1785883093806,471,v1,0.01,0.2,0.1,1.4858,0.1,0.003,0.0657,0.003533,0.72,0,22,60.57,0.764,1,0,0.0,0.0,1,30,5613,155030.6,0.0,-1,100.0
1785883087064,472,v1,0.01,0.2,0.1,1.6062,0.1,0.003,0.1723,0.003432,0.72,0,34,61.65,0.832,1,0,0.0,0.0,1,30,6204,164071.0,0.0,-1,100.0
1785883089221,473,v1,0.01,0.2,0.1,1.2681,0.1,0.003,0.0679,0.003084,0.72,0,35,26.2,0.407,1,0,0.0,0.0,1,30,5854,157532.9,100.0,26,100.0
1785883091784,474,v1,0.01,0.2,0.1,1.4629,0.1,0.003,0.1483,0.00279,0.72,0,21,97.79,0.592,1,0,0.0,0.0,1,30,6474,181804.5,0.0,-1,100.0
1785883093834,475,v1,0.01,0.2,0.1,1.9348,0.1,0.003,0.0847,0.001849,0.72,0,11,80.84,0.73,1,2447,10.0,6.509,1,30,5720,165191.4,0.0,-1,100.0
1785883088585,476,v1,0.01,0.2,0.1,1.7038,0.1,0.003,0.0567,0.002667,0.72,0,22,92.72,0.829,1,0,0.496,0.496,1,30,6779,183128.6,100.0,25,100.0
1785883090756,477,v1,0.01,0.2,0.1,1.9111,0.1,0.003,0.1682,0.003224,0.72,0,15,69.09,0.694,1,2761,14.0,8.401,1,30,6194,165058.7,0.0,-1,100.0
1785883093446,478,v1,0.01,0.2,0.1,1.8096,0.1,0.003,0.1091,0.002495,0.72,0,4,98.83,0.757,1,0,3.0,3.0,1,30,6298,169825.4,0.0,-1,100.0
1785883094734,479,v1,0.01,0.2,0.1,1.6569,0.1,0.003,0.1871,0.002756,0.72,0,16,41.76,0.769,1,3180,15.0,8.002,1,30,6161,173194.5,0.0,-1,100.0
1785883089074,480,v1,0.01,0.2,0.1,1.7798,0.1,0.003,0.2356,0.002,0.72,0,33,89.35,0.478,1,0,0.0,0.0,1,30,6046,157644.7,100.0,25,100.0
1785883091619,481,v1,0.01,0.2,0.1,1.613,0.1,0.003,0.2088,0.00355,0.72,0,7,44.76,0.376,1,1848,6.0,4.816,1,30,6379,171846.4,100.0,26,100.0
1785883093769,482,v1,0.01,0.2,0.1,2.389,0.1,0.003,0.1936,0.001982,0.72,0,6,59.52,0.536,1,1593,5.0,4.173,1,30,5839,164622.7,0.0,-1,100.0
1785883094992,483,v1,0.01,0.2,0.1,1.6323,0.1,0.003,0.1199,0.003211,0.72,0,24,56.8,0.688,1,0,1.141,1.141,1,30,6111,168563.5,100.0,25,100.0
1785883089991,484,v1,0.01,0.2,0.1,1.1387,0.1,0.003,0.1554,0.003339,0.72,0,14,28.01,0.921,1,3931,13.0,5.307,1,30,5858,162206.9,100.0,26,99.59
1785883093154,485,v1,0.01,0.2,0.1,1.6719,0.1,0.003,0.1217,0.003084,0.72,0,6,61.05,0.6,1,2727,5.0,3.824,1,30,7068,206504.7,0.0,-1,100.0
1785883094661,486,v1,0.01,0.2,0.1,0.813,0.1,0.003,0.228,0.002978,0.72,0,34,25.12,0.738,1,35,19.387,17.921,1,30,6619,180596.2,100.0,19,93.85
1785883095873,487,v1,0.01,0.2,0.1,1.183,0.1,0.003,0.0808,0.003403,0.72,0,18,78.71,0.685,1,2420,17.0,11.114,1,30,6549,174983.0,0.0,-1,100.0
1785883090971,488,v1,0.01,0.2,0.1,0.9435,0.1,0.003,0.1027,0.002807,0.72,0,25,22.56,0.521,1,34,4.645,4.408,1,30,5095,138604.8,100.0,25,97.33
1785883093461,489,v1,0.01,0.2,0.1,1.8587,0.1,0.003,0.2014,0.002012,0.72,0,9,38.52,0.709,1,2446,8.0,5.545,1,30,6087,164514.6,100.0,25,100.0
1785883094677,490,v1,0.01,0.2,0.1,1.0038,0.1,0.003,0.1877,0.001772,0.72,0,10,94.45,0.504,1,0,9.0,9.0,1,30,5625,156731.9,100.0,25,99.77
1785883095767,491,v1,0.01,0.2,0.1,1.0005,0.1,0.003,0.1644,0.002634,0.72,0,4,74.28,0.547,1,0,3.0,3.0,1,30,5880,165691.9,100.0,26,99.71
1785883093350,492,v1,0.01,0.2,0.1,1.8022,0.1,0.003,0.1208,0.003621,0.72,0,23,29.99,0.578,1,0,0.0,0.0,1,30,6417,181097.2,0.0,-1,100.0
1785883094800,493,v1,0.01,0.2,0.1,1.4996,0.1,0.003,0.1854,0.002531,0.72,0,9,54.84,0.453,1,2324,8.0,5.906,1,30,6804,184149.4,100.0,25,100.0
1785883096066,494,v1,0.01,0.2,0.1,2.1178,0.1,0.003,0.1805,0.001226,0.72,0,35,86.42,0.42,1,0,0.0,0.0,1,30,6552,190593.8,0.0,-1,100.0
1785883096976,495,v1,0.01,0.2,0.1,2.0152,0.1,0.003,0.2191,0.003293,0.72,0,7,62.34,0.716,1,2305,6.0,4.54,1,30,6418,182063.0,0.0,-1,100.0
1785883095044,496,v1,0.01,0.2,0.1,1.7738,0.1,0.003,0.1055,0.003564,0.72,0,15,83.63,0.664,1,2697,14.0,8.415,1,30,6073,167824.5,0.0,-1,100.0
1785883096220,497,v1,0.01,0.2,0.1,1.7098,0.1,0.003,0.2154,0.001688,0.72,0,13,35.09,0.485,1,2145,12.0,8.369,1,30,6019,171409.0,0.0,-1,100.0
1785883097086,498,v1,0.01,0.2,0.1,0.9677,0.1,0.003,0.2332,0.001505,0.72,0,14,77.49,0.886,1,4412,13.0,5.918,1,30,6981,186842.1,100.0,25,99.23
1785883097699,499,v1,0.01,0.2,0.1,1.6253,0.1,0.003,0.1697,0.001584,0.72,0,29,86.86,0.556,1,0,19.578,19.578,1,30,6579,179692.1,100.0,25,100.0
