voyage_id,convict_count
"Neptune, Scarborough and Surprize | December 1789 [MULTI-SHIP]",1072
"Active, Albermarle, Atlantic, Barrington, Britannia, Mary Ann, Matilda, Salamander and William and Mary | January 1791 [MULTI-SHIP]",941
Anson | 23 September 1843,499
Pitt | June 1791,404
Moffatt | 07 November 1837,400
Tortoise | 28 September 1841,400
Moffatt | 04 January 1834,400
Glatton | September 1802,400
Moffatt | 05 May 1836,399
Moffatt | 10 August 1842,391
Fairlie | 14 October 1833,376
Dromedary | 11 September 1819,368
Barossa | 27 August 1841,350
Coromandel | 25 June 1838,350
Neptune | 04 October 1837,350
Ironside | 19 August 1862,348
Sir George Seymour | 04 November 1844,345
Royal Admiral | May 1792,345
Coromandel and Experiment | November 1803 [MULTI-SHIP],338
Barossa | 31 July 1839,336
Lady Raffles | 30 November 1840,331
Lord Lyndoch | 30 May 1833,330
Lord Lyndoch | 15 April 1836,330
Lord Lyndoch | 02 April 1838,330
Indefatigable and Minstrel | 09 May 1812 [MULTI-SHIP],328
Lord Lyndoch | 07 September 1840,322
Barossa | 09 May 1844,322
Clyde | 11 March 1863,322
John Barry | 07 September 1835,321
Lord William Bentinck | 11 April 1838,320
John Barry | 12 November 1838,320
Marquis of Huntly | 23 March 1835,320
John Barry | 02 April 1834,320
Rodney | 19 August 1850,316
Lady Palmyra | 04 March 1846,312
Mangles | 24 April 1835,310
Mangles | 18 March 1837,310
Nile | 27 June 1850,309
David Clarke | 03 June 1841,308
Barwell | September 1797,307
Blenheim | 23 March 1850,306
Corona | 13 October 1866,306
Mary Ann | 06 July 1835,306
Fairlie | 09 March 1852,306
Fortune and Alexander | January 1806 [MULTI-SHIP],306
Lincelles | 30 September 1861,306
Maitland | 19 March 1840,305
Sea Park | 30 December 1853,305
Neptune | 18 April 1849,304
Bangalore | 01 January 1850,302
Minden | 16 July 1851,302
Adelaide | 08 August 1849,302
Baring | December 1818,302
Admiral Gambier and Friends | April 1811 [MULTI-SHIP],301
Marion | 22 November 1843,301
Clara | 28 January 1864,301
York | 07 October 1862,301
Susan | 21 April 1842,300
Isabella | 11 July 1833,300
Susan | 07 March 1834,300
Susan | 29 July 1837,300
General Hewett | August 1813,300
Lady Castlereagh | December 1817,300
Royal Admiral | March 1800,300
Coromandel | 27 October 1819,300
Rodney | 19 September 1851,300
Cornwall | 28 February 1851,300
Aurora | 03 July 1833,300
Randolph | 24 April 1849,300
Marion | 07 June 1845,300
Aurora | 18 June 1835,300
Baring | April 1815,300
Pestonjee Bomanjee | 06 September 1845,300
Lady Kennaway | 02 June 1836,299
Marion | 27 September 1847,299
Maitland | 22 June 1846,299
Equestrian | 30 June 1845,299
Susan | 06 October 1835,298
Hillsborough | October 1798,297
"Nile, Canada and Minorca | June 1801 [MULTI-SHIP]",297
Pyrenees | 31 January 1853,296
Pyrenees | 14 March 1851,296
Cressy | 28 April 1843,296
Palmerston | 08 November 1860,296
Equestrian | 27 August 1852,293
Pestonjee Bomanjee | 16 April 1852,292
Earl Cornwallis | August 1800,292
Equestrian | 25 January 1844,291
Mangles | 21 November 1839,290
Calcutta | February 1803,290
Norwood | 13 March 1862,290
Earl Grey | 27 July 1838,290
Asia | 05 November 1835,290
Thomas Arbuthnot | 06 January 1847,290
Exmouth | 03 March 1831,290
Lady Nugent | 03 December 1834,286
Lady Nugent | 12 July 1836,286
Edwin Fox | 24 August 1858,282
Norfolk | 12 May 1835,282
Eden | 27 August 1836,281
Eden | 12 March 1842,281
Hougoumont | 10 October 1867,281
Marion | 30 October 1851,281
Lady Harewood | 24 March 1829,281
Lady Montagu | 31 July 1852,281
Recovery | 27 May 1837,280
Oriental Queen | 23 October 1852,280
Vimiera | 20 September 1865,280
Norfolk | 27 October 1836,280
Ramillies | 25 April 1854,280
Recovery | 26 October 1835,280
Aboukir | 24 December 1851,280
Asia | 20 July 1837,280
Norfolk | 04 July 1834,279
Larkins | 11 June 1831,279
Racehorse | 19 May 1865,279
Gilmore | 03 October 1838,278
Admiral Gambier and Eolus [Aeolus] | July 1808 [MULTI-SHIP],278
Belgravia | 04 April 1866,277
Asia | 25 April 1840,276
Lord Dalhousie | 19 September 1863,271
Bengal Merchant | 24 March 1838,270
James Pattison | 10 July 1837,270
William Jardine | 10 August 1844,270
Bengal Merchant | 27 September 1834,270
Eden | 08 July 1840,270
Bengal Merchant | 04 August 1836,270
Lord Raglan | 03 March 1858,270
Strathfieldsaye | 11 February 1836,270
Duchess of Northumberland | 01 October 1842,270
Nile | 18 September 1857,270
Layton | 26 August 1835,269
Isabella | 15 January 1842,267
Mount Stuart Elphinstone | 26 February 1845,266
Lord Lyndoch | 20 July 1831,266
Theresa | 05 October 1838,266
Maria Somes | 22 April 1844,264
Earl Gray | 04 October 1842,264
William Jardine | 09 August 1850,264
"Lady Penrhyn, Scarborough and Alexander | January 1787 [MULTI-SHIP]",263
Henry Porcher | 01 August 1836,262
Clara | 19 March 1857,262
Merchantman | 29 June 1864,261
Adelaide | 16 April 1855,261
Lady Kennaway | 30 January 1851,261
Surrey | 09 April 1834,260
Layton | 09 July 1839,260
Heroine | 06 May 1833,260
Maria Somes | 03 May 1850,260
Hooghley | 25 July 1834,260
John | 03 August 1833,260
Henry Porcher | 29 August 1834,260
John | 27 September 1836,259
Duncan | 10 December 1840,259
Asia | 12 April 1841,259
Triton | 04 August 1842,256
Sir Robert Peel | 06 September 1844,254
Norwood | 06 April 1867,254
Sarah | 29 November 1836,254
Gilmore | 12 April 1843,254
Argyle | 05 March 1831,251
Perseus and Coromandel | January 1802 [MULTI-SHIP],251
Hive | 15 January 1834,250
Hydrabad | 15 October 1844,250
Joseph Somes | 18 December 1845,250
Surrey | 16 March 1842,250
William Hammond | 03 January 1856,250
Larkins | 24 July 1817,250
Candahar | 26 March 1842,250
London | 15 March 1844,250
Ratcliffe | 25 July 1848,250
Prince George | 20 December 1836,250
General Stewart | 19 July 1818,250
Layton | 06 April 1841,250
Joseph Somes | 02 June 1847,249
Charles Kerr | 06 June 1837,249
Runnymede | 11 June 1856,248
Lord Auckland | 13 July 1844,241
William Metcalf | 23 May 1834,240
Bardaster | 07 September 1835,240
Marquis of Hastings | 16 March 1839,240
Elphinstone | 20 January 1836,240
Elphinstone | 27 May 1837,240
Forfarshire | 24 June 1843,240
Parkfield | 12 May 1839,240
Portsea | 24 July 1838,240
Mount Stuart Elphinstone | 02 February 1848,240
Emily | 25 June 1842,240
Canton | 20 September 1839,240
Marquis of Hastings | 15 July 1842,240
Hashemy | 02 December 1848,239
Lord Petre | 03 July 1843,238
Eden | 30 September 1848,237
Mangles | 08 December 1832,236
Dudbrook | 17 November 1852,235
Aurora | 22 April 1851,234
Captain Cook | 02 May 1833,231
Roslin Castle | 22 May 1834,231
England | 06 June 1835,230
Mount Stewart Elphinstone | 01 June 1849,230
Woodbridge | 10 October 1839,230
Asia | 04 February 1833,230
Elphinstone | 06 April 1842,230
Arab | 22 February 1834,230
Isabella | 03 April 1818,230
Lord Hungerford | July 1821,228
Marquis of Huntley | 05 April 1830,228
Agincourt | 06 July 1844,226
Stag | 02 February 1855,225
Gilmore | 31 October 1831,225
Eliza | 02 February 1831,224
Sultana | 26 May 1859,224
Waterloo | 18 November 1834,224
Isabella | 22 November 1831,224
Strathfieldsay | 22 July 1831,224
Waterloo | 02 October 1837,224
Katherine Stewart Forbes | 21 February 1832,222
Sir Robert Sippings [Seppings] | 17 March 1852,221
Westmoreland | 03 March 1835,220
Waterloo | 30 May 1842,220
David Malcolm | 13 May 1845,220
Duchess of Northumberland | 25 November 1852,220
Elizabeth | 03 October 1831,220
Theresa | 28 March 1845,220
Ocean | August 1815,220
David Lyon | 29 April 1830,220
George the Third | 12 December 1834,220
Batavia | October 1817,220
Henry Tanner | 27 June 1834,220
Commodore Hayes | April 1823,219
Somersetshire | 30 November 1841,219
Lord Eldon | April 1817,219
Stakesby | 20 May 1833,216
Lotus | 20 December 1832,216
Clyde | 20 August 1830,216
Lady Harewood | 15 October 1830,216
Royal George | 25 June 1830,215
Waterloo | 11 March 1833,214
Emerald Isle | 28 June 1843,214
Surrey | 19 November 1832,214
St Vincent | 28 December 1852,214
Surrey | 28 March 1840,213
William Jardine | 30 April 1852,212
Mandarin | 24 February 1840,212
Adelaide | 13 May 1863,211
Lady East | 04 November 1824,211
Augusta Jessie | 10 August 1838,210
Emperor Alexander | 06 April 1833,210
Augusta Jessie | 27 September 1834,210
Blenheim | 11 March 1837,210
Mermaid | 30 December 1850,209
Blundell | 13 March 1844,209
Hindostan | 05 October 1840,209
St Vincent | 13 December 1849,207
Royal Admiral | 02 May 1842,205
Ganges | August 1796,205
Bangalore | 28 March 1848,204
Woodbridge | 20 August 1843,204
Phoenix | 29 March 1824,204
Westmoreland | 15 May 1841,204
Fame | 09 October 1816,201
Surrey | January 1814,201
Marquis of Huntley | 10 May 1826,200
Parmelia | 23 July 1832,200
Emma Eugenia | 02 November 1837,200
Maitland | 26 August 1843,200
Hercules | 14 June 1832,200
Surrey | 13 July 1829,200
Surrey | 15 July 1831,200
Prince Regent | 17 August 1829,200
Fortune | November 1812,200
Sarah | 22 August 1829,200
Runnymede | 11 November 1839,200
York | 03 September 1830,200
Florentia | 11 August 1830,200
Mermaid | 02 December 1829,200
Lady Harewood | 13 March 1832,200
York | 11 August 1832,200
Albion | 17 May 1823,200
Morley | 05 August 1829,200
China | 03 January 1846,200
Lloyds | 19 August 1833,200
Earl Spencer | May 1813,200
Lloyds | 25 March 1837,200
Guildford | August 1811,200
Planter | 13 June 1832,200
Clyde | 27 April 1832,200
John Brewer | 01 December 1841,200
England | 31 March 1832,200
Tottenham | January 1818,200
Asia | 13 August 1827,200
Bussorah Merchant | 01 October 1829,200
Somersetshire | March 1814,200
Asia | 29 September 1831,200
Sir William Bensley | 09 October 1816,200
Ann | August 1809,200
Atlas | 27 April 1833,200
John | 09 October 1830,200
Indian | July 1810,200
John | 26 January 1832,200
Indefatigable | October 1814,200
Enchantress | 06 April 1833,200
Marquis of Wellington | August 1814,200
Norfolk | 20 May 1829,200
Manlius | 23 April 1830,200
Katherine Stewart Forbes | 07 October 1829,200
Camden | 21 September 1832,200
Asia | 22 October 1824,200
Pestonjee Bomanjee | 08 October 1846,200
Anna Maria | 04 October 1851,200
Mayda | 27 August 1845,199
John Calvin | 09 May 1846,199
Persian | 26 June 1830,198
Camden | 21 March 1831,198
Atlas | 16 January 1816,193
Merchantman | 10 October 1862,192
Royal Admiral | 01 July 1830,192
York | 30 April 1829,192
William Miles | 15 March 1828,192
Circassian | 04 November 1832,192
Albion | 21 September 1826,192
Tasmania | 09 September 1844,192
Albion | 29 May 1828,192
Burrell | 22 July 1830,192
Mangles | 29 March 1820,191
Garland Grove | 07 September 1842,191
Emma Eugenia | 16 November 1841,191
Guildford | 22 March 1827,190
Guildford | 04 April 1822,190
Southworth | 21 September 1833,190
Governor Ready | 26 March 1827,190
Baretto Junior | 05 April 1850,190
Mangles | July 1824,190
Egyptian | 05 April 1839,190
Phoenix | 04 March 1828,190
Henrietta | 10 July 1843,190
Anna Maria | 06 March 1848,190
Layton | 17 June 1829,190
Asia | 03 September 1820,190
Asia | 01 April 1822,190
Guildford | 12 May 1820,190
Duke of Portland | January 1807,189
Asiatic | 26 May 1843,188
Recovery | 30 July 1819,188
John | 22 May 1829,188
John | 18 July 1827,188
Andromeda | 13 November 1832,186
Lord Goderich | 26 June 1841,186
Lord William Bentinck | 28 April 1832,186
Westmoreland | 09 August 1836,185
Countess of Harcourt | 29 April 1828,185
Georgiana | 28 September 1832,184
Phoenix | November 1821,184
Woodford | 29 April 1828,184
Gilbert Henderson | 10 December 1839,184
Nithsdale | 26 December 1829,184
Sir Godfrey Webster | 04 August 1823,181
Georgiana | 29 March 1831,181
Prince Regent | 08 June 1827,181
Medina | 19 April 1825,180
Norfolk | 15 April 1825,180
Garland Grove | 14 June 1841,180
Ocean | August 1817,180
Navarino | 05 October 1840,180
Rajah | 01 April 1841,180
Chapman | 06 April 1824,180
Buffalo | 04 May 1833,180
Claudine | 19 August 1829,180
Almorah | April 1817,180
Dunvegan Castle | 28 September 1829,180
Lady Feversham | 03 April 1830,180
Hindostan | 06 May 1839,179
Agamemnon | 22 April 1820,179
Mary | 13 April 1835,179
Portland | 19 November 1831,178
Marquess of Hastings | 27 June 1828,178
America | 04 April 1829,176
Manlius | 11 April 1827,176
Roslin Castle | 12 August 1828,176
Lord Melville | 29 May 1830,176
Mary | 28 August 1821,176
Manlius | 16 July 1828,176
Stately | 12 May 1849,175
Morley | November 1816,175
Emma Eugenia | 25 October 1850,174
Medway | 28 July 1825,173
Morley | 19 September 1822,173
Fanny | 25 August 1815,173
John Renwick | 25 April 1838,173
Countess of Harcourt | 16 March 1824,172
Countess of Harcourt | 08 April 1821,172
Florentia | 14 August 1827,172
Ocean | 22 April 1823,172
Minerva | 26 July 1821,172
Minerva | 08 July 1824,172
Elizabeth | 11 August 1820,172
Planter | 29 October 1838,171
Tory | 17 March 1845,171
Malabar | 18 June 1821,171
Angelina | 25 April 1844,171
Royal Sovereign | 25 July 1835,170
Lord Melville | 14 November 1828,170
Tory | 26 April 1848,170
Neptune | December 1817,170
Bussorah Merchant | 24 March 1828,170
Asia | 09 March 1847,170
Sea Queen | 08 May 1846,170
Glory | May 1818,170
Mary | 21 August 1832,170
Neva | 27 July 1833,170
Georgiana | 24 November 1828,170
Elizabeth and Henry | 14 September 1846 [MULTI-SHIP],170
Emma Eugenia | 16 November 1843,170
Malabar | 14 June 1819,170
Pyramus | 16 November 1838,170
Lloyds | 23 July 1845,170
Bengal Merchant | 13 March 1828,170
Emma Eugenia | 22 January 1846,170
Elizabeth and Henry | 11 February 1848 [MULTI-SHIP],170
Mellish | 10 November 1828,169
Cadet | 04 September 1847,169
Mary | 15 December 1829,168
Jupiter | 31 December 1832,168
Marquis of Hastings | 14 April 1827,168
Red Rover | 21 October 1830,168
Adrian | 13 April 1830,167
William Glen Anderson | 31 May 1831,167
New Grove | 30 October 1834,165
Morley | July 1818,164
Earl St Vincent | 20 April 1826,164
Layton | 13 June 1827,161
Elizabeth | 20 June 1836,161
Thames | 27 July 1829,160
Richmond | November 1822,160
Vittoria | 26 August 1828,160
Sir Charles Forbes | 01 April 1830,160
Royal George | 22 August 1828,160
Southworth | 23 June 1830,160
Surrey | 02 October 1822,160
Surrey | 29 September 1818,160
Prince Regent | 17 September 1819,160
Competitor | 18 March 1823,160
Juliana | 03 September 1820,160
Guildford | 22 August 1823,160
Lord Sidmouth | 20 September 1818,160
John Renwick | 24 November 1842,160
Hibernia | 20 November 1818,160
Minerva | 25 May 1838,160
Henry | April 1823,160
Hebe | 27 July 1820,160
Eliza | 22 September 1819,160
Eliza | 13 July 1822,160
Earl St Vincent | 06 April 1820,160
Claudine | 20 May 1821,160
Asia | 25 July 1827,158
Eliza | 25 June 1828,158
Earl of Liverpool | December 1830,158
Maria | 26 July 1820,157
Princess Royal | 28 September 1822,156
Speke | 13 December 1820,156
Speke | 05 August 1826,156
Atlas | 05 June 1819,156
Margaret | 24 December 1842,156
Medway | 13 November 1820,156
Arab | 03 July 1822,156
Neptune | 18 March 1820,156
Stratheden | 31 July 1845,155
Elizabeth | May 1816,153
Grenada | 03 May 1821,152
Hindostan | July 1821,152
Marquess of Hastings | 19 August 1825,152
Grenada | May 1819,152
Lady Juliana | June 1789,151
Mary | 09 June 1831,151
Atwick | 28 September 1837,151
Edward | 23 April 1834,151
Sesostris | 23 November 1825,150
Caledonia | 05 July 1820,150
Hadlow | August 1818,150
Asia | 29 July 1823,150
Shipley | 18 July 1818,150
Cadet | 10 November 1848,150
Frances Charlotte | 27 December 1836,150
Shipley | November 1821,150
Woodman | 01 December 1825,150
Royal Sovereign | 29 August 1837,150
Shipley | 22 May 1820,150
Caledonia | 19 June 1822,150
Lord Melville | July 1818,149
Pyramus | 08 October 1831,149
Hydery | 02 April 1832,149
Midas | 07 October 1826,148
England | 28 April 1826,148
Andromeda | 16 October 1826,147
Mariner | May 1816,146
George Hibbert | 22 July 1834,144
Adamant | 26 March 1821,144
Mary Anne | 16 July 1839,143
John Barry | 30 April 1819,142
Henry Wellesley | 17 July 1837,140
Globe | September 1818,140
Dick | 02 October 1820,140
Numa | 03 December 1833,140
Princess Charlotte | 03 July 1824,140
Lady Ridley | 04 January 1821,138
Royal Charlotte | 18 November 1824,136
Prince of Orange | 02 October 1820,136
Canada | 23 April 1819,136
Prince of Orange | 22 July 1822,136
Hector | 11 June 1835,134
Hercules | 24 December 1824,134
Eleanor | 15 February 1831,133
Arab | 14 December 1835,132
Nautilus | 25 April 1838,132
Indispensible | October 1795,131
Sir Charles Forbes | 23 November 1824,130
Marmion | 02 November 1827,130
William Bryan | 13 June 1833,130
Roslin Castle | 17 February 1830,128
Champion | 24 May 1827,128
Mary | 03 June 1823,127
Maria | 15 May 1818,126
Shipley | 20 December 1816,125
Morley | 17 May 1820,124
Majestic | 01 October 1838,123
Canada | March 1810,122
Broxbournebury | January 1814,122
America | 30 December 1830,121
Minstrel | 05 April 1825,121
William Pitt | July 1805,120
Kains | 05 July 1830,120
Sovereign | 15 April 1829,119
Wanstead | August 1813,119
Henry Wellesley | 23 September 1835,118
Mellish | 27 May 1830,118
Eliza | 03 November 1829,117
Jane | 21 January 1833,115
Sydney Cove | January 1807,113
Platina | 22 April 1837,113
Proteus | 12 April 1831,112
Northampton | December 1814,110
Midas | 22 July 1825,109
Mary Ann | November 1822,108
Waterloo | 12 March 1829,107
Fanny | 14 July 1832,106
Hashemy | 19 July 1850,103
Providence | 06 June 1821,103
Lord Melville | August 1816,103
Friendship | June 1817,101
Mary Ann | July 1815,101
Lucy Davidson | 10 July 1829,101
Burrell | 31 December 1831,101
Chapman | 12 April 1826,100
Frances Charlotte | 30 August 1832,100
Asia | 19 November 1827,100
Woodford | 29 July 1826,100
Princess Royal | 07 November 1828,100
Diana | 04 December 1832,100
Providence | 08 December 1825,100
Harmony | 09 September 1828,100
Hoogley | 31 October 1827,99
Competitor | 09 June 1828,99
Mermaid | 15 February 1828,99
Speke | March 1808,99
Amphitrite | 21 August 1833,99
Sarah and Elizabeth | 28 December 1836 [MULTI-SHIP],98
Lord Sidmouth | 07 September 1822,97
Britannia | January 1798,97
Surprize | February 1794,94
Brothers | 20 November 1823,90
Louisa | 21 August 1827,90
Princess Charlotte | 27 March 1827,90
Grenada | 01 September 1826,88
Lord Wellington | May 1819,87
Grenada | 25 September 1824,82
Sovereign | 12 July 1827,81
Lady of the Lake | 06 June 1829,81
Harmony | 12 May 1827,80
Henry | 30 September 1824,79
Scindian | 27 February 1850,77
Borneo | 07 May 1828,73
Sir Charles Forbes | 31 August 1826,72
Lady Shore | February 1797,68
Indispensible | February 1809,62
Janus | 23 October 1819,61
Eliza | 12 December 1849,60
Persian | 10 April 1827,60
Speedy | October 1799,53
Emu | October 1812,40
Gorgon | February 1791,31
Kitty | January 1792,26
Guardian | July 1789,25
Prince of Wales | April 1787,22
Bellona | July 1792,17
Sovereign | January 1795,1
William | August 1793,1
